-- phpMyAdmin SQL Dump
-- version 4.8.4
-- https://www.phpmyadmin.net/
--
-- Host: 127.0.0.1
-- Waktu pembuatan: 13 Mar 2020 pada 17.36
-- Versi server: 10.1.37-MariaDB
-- Versi PHP: 7.3.0

SET SQL_MODE = "NO_AUTO_VALUE_ON_ZERO";
SET AUTOCOMMIT = 0;
START TRANSACTION;
SET time_zone = "+00:00";


/*!40101 SET @OLD_CHARACTER_SET_CLIENT=@@CHARACTER_SET_CLIENT */;
/*!40101 SET @OLD_CHARACTER_SET_RESULTS=@@CHARACTER_SET_RESULTS */;
/*!40101 SET @OLD_COLLATION_CONNECTION=@@COLLATION_CONNECTION */;
/*!40101 SET NAMES utf8mb4 */;

--
-- Database: `koperasi`
--

DELIMITER $$
--
-- Prosedur
--
CREATE DEFINER=`root`@`localhost` PROCEDURE `getMasterSimudaByNoAnggota` (IN `bulan_lalu` INT(2), IN `bulan_ini` INT(2), IN `tahun` YEAR, IN `noAnggota` INT)  NO SQL
SELECT 
	mrs.no_rekening_simuda, mrs.no_anggota, a.nama,
    
    IF(bulan_ini='01' OR bulan_ini='1',
    (SELECT saldo FROM support_simuda_tutup_bulan sstb WHERE sstb.no_rekening_simuda = mrs.no_rekening_simuda AND MONTH(sstb.tgl_tutup_bulan)=bulan_lalu AND YEAR(sstb.tgl_tutup_bulan)=tahun-1),
      (SELECT saldo FROM support_simuda_tutup_bulan sstb WHERE sstb.no_rekening_simuda = mrs.no_rekening_simuda AND MONTH(sstb.tgl_tutup_bulan)=bulan_lalu AND YEAR(sstb.tgl_tutup_bulan)=tahun)
      )AS saldo_bulan_lalu,

    IF((SELECT COUNT(mdrs.id_detail_rekening_simuda) FROM master_detail_rekening_simuda mdrs WHERE mdrs.no_rekening_simuda = mrs.no_rekening_simuda AND MONTH(mdrs.datetime)=bulan_ini AND YEAR(mdrs.datetime)=tahun ) =0 ,
		(SELECT saldo FROM support_simuda_tutup_bulan sstb WHERE sstb.no_rekening_simuda = mrs.no_rekening_simuda AND MONTH(sstb.tgl_tutup_bulan)=bulan_lalu AND YEAR(sstb.tgl_tutup_bulan)=tahun),
		(SELECT saldo FROM master_detail_rekening_simuda mdrs WHERE mdrs.no_rekening_simuda = mrs.no_rekening_simuda ORDER BY id_detail_rekening_simuda DESC LIMIT 1)
	) AS saldo_bulan_ini,
    
	IF((SELECT COUNT(mdrs.id_detail_rekening_simuda) FROM master_detail_rekening_simuda mdrs WHERE mdrs.no_rekening_simuda = mrs.no_rekening_simuda AND MONTH(mdrs.datetime)=bulan_ini AND YEAR(mdrs.datetime)=tahun) =0,
		(SELECT saldo FROM support_simuda_tutup_bulan sstb WHERE sstb.no_rekening_simuda = mrs.no_rekening_simuda AND MONTH(sstb.tgl_tutup_bulan)=bulan_lalu AND YEAR(sstb.tgl_tutup_bulan)=tahun),
       	(SELECT MIN(saldo) FROM master_detail_rekening_simuda mdrs WHERE mdrs.no_rekening_simuda = mrs.no_rekening_simuda AND MONTH(mdrs.datetime)=bulan_ini AND YEAR(mdrs.datetime)=tahun ORDER BY id_detail_rekening_simuda DESC LIMIT 1)
	) AS saldo_terendah
FROM master_rekening_simuda mrs JOIN anggota a ON mrs.no_anggota = a.no_anggota WHERE mrs.no_anggota=noAnggota$$

CREATE DEFINER=`root`@`localhost` PROCEDURE `getNominatifSimuda` (IN `old_month` VARCHAR(2), IN `old_year` YEAR)  NO SQL
SELECT 
	mrs.no_rekening_simuda, mrs.no_anggota, a.nama, 
    
	(SELECT saldo FROM master_detail_rekening_simuda mdrs WHERE mdrs.no_rekening_simuda=mrs.no_rekening_simuda AND MONTH(mdrs.datetime)<=old_month AND YEAR(mdrs.datetime)<=old_year ORDER BY mdrs.id_detail_rekening_simuda DESC LIMIT 1) AS 	saldo_bulan_lalu,
    
    
	(SELECT saldo_terendah FROM master_detail_rekening_simuda mdrs WHERE mdrs.no_rekening_simuda=mrs.no_rekening_simuda AND MONTH(mdrs.datetime)<=old_month AND YEAR(mdrs.datetime)<=old_year ORDER BY mdrs.id_detail_rekening_simuda DESC LIMIT 1) AS 	saldo_terendah_bulan_lalu,
    
    
    (SELECT saldo FROM master_detail_rekening_simuda mdrs WHERE mdrs.no_rekening_simuda=mrs.no_rekening_simuda ORDER BY mdrs.id_detail_rekening_simuda DESC LIMIT 1) AS saldo_bulan_ini,
    
    (SELECT saldo_terendah FROM master_detail_rekening_simuda mdrs WHERE mdrs.no_rekening_simuda=mrs.no_rekening_simuda ORDER BY mdrs.id_detail_rekening_simuda DESC LIMIT 1) AS saldo_terendah
    FROM master_rekening_simuda mrs JOIN anggota a ON mrs.no_anggota = a.no_anggota$$

CREATE DEFINER=`root`@`localhost` PROCEDURE `getNominatifSimudaByNoAnggota` (IN `noAnggota` INT, IN `old_month` INT(2), IN `old_year` YEAR)  NO SQL
SELECT 
	mrs.no_rekening_simuda, mrs.no_anggota, a.nama, 
    
	(SELECT saldo FROM master_detail_rekening_simuda mdrs WHERE mdrs.no_rekening_simuda=mrs.no_rekening_simuda AND MONTH(mdrs.datetime)=old_month AND YEAR(mdrs.datetime)=old_year ORDER BY mdrs.id_detail_rekening_simuda DESC LIMIT 1) AS 	saldo_bulan_lalu,
    
    (SELECT saldo_terendah FROM master_detail_rekening_simuda mdrs WHERE mdrs.no_rekening_simuda=mrs.no_rekening_simuda AND MONTH(mdrs.datetime)<=old_month AND YEAR(mdrs.datetime)<=old_year ORDER BY mdrs.id_detail_rekening_simuda DESC LIMIT 1) AS 	saldo_terendah_bulan_lalu,
    
    (SELECT saldo FROM master_detail_rekening_simuda mdrs WHERE mdrs.no_rekening_simuda=mrs.no_rekening_simuda ORDER BY mdrs.id_detail_rekening_simuda DESC LIMIT 1) AS saldo_bulan_ini,
    
    (SELECT saldo_terendah FROM master_detail_rekening_simuda mdrs WHERE mdrs.no_rekening_simuda=mrs.no_rekening_simuda ORDER BY mdrs.id_detail_rekening_simuda DESC LIMIT 1) AS saldo_terendah
    FROM master_rekening_simuda mrs JOIN anggota a ON mrs.no_anggota = a.no_anggota WHERE mrs.no_anggota=noAnggota$$

CREATE DEFINER=`root`@`localhost` PROCEDURE `perhitungan_tutup_bulan_simuda` (IN `bulan_lalu` INT(2), IN `bulan_ini` INT(2), IN `tahun` YEAR)  NO SQL
SELECT 
	mrs.no_rekening_simuda, mrs.no_anggota, a.nama,
    
    IF(bulan_ini='01' OR bulan_ini='1',
    (SELECT saldo FROM support_simuda_tutup_bulan sstb WHERE sstb.no_rekening_simuda = mrs.no_rekening_simuda AND MONTH(sstb.tgl_tutup_bulan)=bulan_lalu AND YEAR(sstb.tgl_tutup_bulan)=2019),
      (SELECT saldo FROM support_simuda_tutup_bulan sstb WHERE sstb.no_rekening_simuda = mrs.no_rekening_simuda AND MONTH(sstb.tgl_tutup_bulan)=bulan_lalu AND YEAR(sstb.tgl_tutup_bulan)=tahun)
      )AS saldo_bulan_lalu,

    IF((SELECT COUNT(mdrs.id_detail_rekening_simuda) FROM master_detail_rekening_simuda mdrs WHERE mdrs.no_rekening_simuda = mrs.no_rekening_simuda AND MONTH(mdrs.datetime)=bulan_ini AND YEAR(mdrs.datetime)=tahun ) =0 ,
		(SELECT saldo FROM support_simuda_tutup_bulan sstb WHERE sstb.no_rekening_simuda = mrs.no_rekening_simuda AND MONTH(sstb.tgl_tutup_bulan)=bulan_lalu AND YEAR(sstb.tgl_tutup_bulan)=tahun),
		(SELECT saldo FROM master_detail_rekening_simuda mdrs WHERE mdrs.no_rekening_simuda = mrs.no_rekening_simuda ORDER BY id_detail_rekening_simuda DESC LIMIT 1)
	) AS saldo_bulan_ini,
    
	IF((SELECT COUNT(mdrs.id_detail_rekening_simuda) FROM master_detail_rekening_simuda mdrs WHERE mdrs.no_rekening_simuda = mrs.no_rekening_simuda AND MONTH(mdrs.datetime)=bulan_ini AND YEAR(mdrs.datetime)=tahun) =0,
		(SELECT saldo FROM support_simuda_tutup_bulan sstb WHERE sstb.no_rekening_simuda = mrs.no_rekening_simuda AND MONTH(sstb.tgl_tutup_bulan)=bulan_lalu AND YEAR(sstb.tgl_tutup_bulan)=tahun),
       	(SELECT MIN(saldo) FROM master_detail_rekening_simuda mdrs WHERE mdrs.no_rekening_simuda = mrs.no_rekening_simuda AND MONTH(mdrs.datetime)=bulan_ini AND YEAR(mdrs.datetime)=tahun ORDER BY id_detail_rekening_simuda DESC LIMIT 1)
	) AS saldo_terendah
FROM master_rekening_simuda mrs JOIN anggota a ON mrs.no_anggota = a.no_anggota$$

DELIMITER ;

-- --------------------------------------------------------

--
-- Struktur dari tabel `ak_detail_trx_bank`
--

CREATE TABLE `ak_detail_trx_bank` (
  `id_detail_trx_bank` int(11) NOT NULL,
  `kode_trx_bank` varchar(20) NOT NULL,
  `keterangan` text NOT NULL,
  `lawan` varchar(10) NOT NULL,
  `nominal` int(11) NOT NULL
) ENGINE=InnoDB DEFAULT CHARSET=latin1;

-- --------------------------------------------------------

--
-- Struktur dari tabel `ak_detail_trx_kas`
--

CREATE TABLE `ak_detail_trx_kas` (
  `id_detail_trx_kas` int(11) NOT NULL,
  `kode_trx_kas` varchar(20) NOT NULL,
  `keterangan` text NOT NULL,
  `lawan` varchar(10) NOT NULL,
  `nominal` int(11) NOT NULL
) ENGINE=InnoDB DEFAULT CHARSET=latin1;

-- --------------------------------------------------------

--
-- Struktur dari tabel `ak_detail_trx_memorial`
--

CREATE TABLE `ak_detail_trx_memorial` (
  `id_detail_trx_memorial` int(11) NOT NULL,
  `kode_trx_memorial` varchar(20) NOT NULL,
  `keterangan` text NOT NULL,
  `kode_perkiraan` varchar(10) NOT NULL,
  `lawan` varchar(10) NOT NULL,
  `nominal` int(11) NOT NULL
) ENGINE=InnoDB DEFAULT CHARSET=latin1;

-- --------------------------------------------------------

--
-- Struktur dari tabel `ak_jurnal`
--

CREATE TABLE `ak_jurnal` (
  `id_jurnal` int(11) NOT NULL,
  `tanggal` datetime NOT NULL,
  `kode_transaksi` varchar(20) DEFAULT NULL,
  `keterangan` text NOT NULL,
  `kode` varchar(10) NOT NULL,
  `lawan` varchar(10) NOT NULL,
  `tipe` enum('K','D') NOT NULL,
  `nominal` float NOT NULL,
  `tipe_trx_koperasi` enum('SimPokok','SimWajib','Simuda','Sijaka','Kredit','Kas','Bank','Memorial') NOT NULL,
  `id_detail` int(11) DEFAULT NULL
) ENGINE=InnoDB DEFAULT CHARSET=latin1;

-- --------------------------------------------------------

--
-- Struktur dari tabel `ak_kode_induk`
--

CREATE TABLE `ak_kode_induk` (
  `kode_induk` varchar(6) NOT NULL,
  `nama` varchar(50) NOT NULL,
  `tipe` enum('D','K') NOT NULL
) ENGINE=InnoDB DEFAULT CHARSET=latin1;

--
-- Dumping data untuk tabel `ak_kode_induk`
--

INSERT INTO `ak_kode_induk` (`kode_induk`, `nama`, `tipe`) VALUES
('01.100', 'Kas', 'D'),
('01.110', 'Bank', 'D'),
('01.120', 'Piutang/Pembiayaan', 'D'),
('01.130', 'Cadangan Piutang Ragu-ragu', 'D'),
('01.140', 'Penyertaan', 'D'),
('01.150', 'Aktiva Tetap', 'D'),
('01.160', 'Penyusutan Aktiva Tetap', 'D'),
('01.170', 'Aktiva Lain-lain', 'D'),
('01.200', 'Kewajiban Segera', 'K'),
('01.210', 'Hutang Kepada Anggota', 'K'),
('01.230', 'Hutang Jangka Pendek', 'K'),
('01.240', 'Hutang Jangka Panjang', 'K'),
('01.250', 'Kewajiban Lainnya', 'K'),
('01.260', 'Modal', 'K'),
('01.270', 'SHU Tahun Lalu', 'K'),
('01.280', 'SHU Tahun Berjalan', 'K'),
('02.100', 'PENDAPATAN', 'K'),
('02.110', 'Bunga Bank', 'K'),
('02.120', 'Bahas Piutang/Pembiayaan', 'K'),
('02.130', 'Provisi & Administrasi', 'K'),
('02.140', 'Lainnya', 'K'),
('02.200', 'BIAYA - BIAYA', 'D'),
('02.210', 'Biaya Bagi Hasil Usaha', 'D'),
('02.220', 'Gaji & Honorarium', 'D'),
('02.230', 'Pendidikan Dan Pelatihan', 'D'),
('02.240', 'Sewa', 'D'),
('02.250', 'Pajak - Pajak', 'D'),
('02.260', 'Pemeliharaan & Perbaikan', 'D'),
('02.270', 'Barang Dan Jasa', 'D'),
('02.280', 'Penghapus Bukuan Piutang     ', 'D'),
('02.290', 'Penyusutan Aktiva Tetap ', 'D'),
('02.300', 'Biaya Non Operasional', 'D'),
('02.310', 'SHU Sebelum Pajak', 'K'),
('02.320', 'Pajak Penghasilan', 'D'),
('02.330', 'SISA HASIL USAHA', 'K');

-- --------------------------------------------------------

--
-- Struktur dari tabel `ak_rekening`
--

CREATE TABLE `ak_rekening` (
  `kode_rekening` varchar(10) NOT NULL,
  `nama` varchar(60) NOT NULL,
  `saldo_awal` double NOT NULL,
  `kode_induk` varchar(6) NOT NULL
) ENGINE=InnoDB DEFAULT CHARSET=latin1;

--
-- Dumping data untuk tabel `ak_rekening`
--

INSERT INTO `ak_rekening` (`kode_rekening`, `nama`, `saldo_awal`, `kode_induk`) VALUES
('01.100.10', 'Kas Kecil', 0, '01.100'),
('01.100.20', 'Kas Besar', 94582300, '01.100'),
('01.110.10', 'Bank BPR Jatim', 116671513, '01.110'),
('01.110.20', 'Bank Rakyat Indonesia', 26683844, '01.110'),
('01.110.30', 'Bank Jatim', 7521444.11, '01.110'),
('01.120.10', 'Pembiayaan Mudharobah', 2890680792, '01.120'),
('01.120.30', 'Pembiayaan Murabahah', 92871550, '01.120'),
('01.120.40', 'Pembiayaan Lainnya', 189802000, '01.120'),
('01.130.10', 'Cadangan Piutang Ragu-ragu', -22163800, '01.130'),
('01.140.10', 'Simpanan Pokok', 1500000, '01.140'),
('01.140.20', 'Simpanan Wajib', 2600000, '01.140'),
('01.150.10', 'Tanah & Gedung', 25471000, '01.150'),
('01.150.20', 'Inventaris', 142150150, '01.150'),
('01.160.10', 'Tanah & Gedung', -24002450, '01.160'),
('01.160.20', 'Inventaris', 0, '01.160'),
('01.170.10', 'Biaya Dibayar Dimuka', 2740803, '01.170'),
('01.170.20', 'Penyediaan Dana', 10345000, '01.170'),
('01.170.30', 'Lainnya', 182000, '01.170'),
('01.200.10', 'PPh. Pasal 21', 0, '01.200'),
('01.200.20', 'PPh. Pasal 25', 28000, '01.200'),
('01.200.30', 'SHU Segera Dibayar', 0, '01.200'),
('01.200.40', 'Bagi Hasil Simuda Segera Dbyr', 531041, '01.200'),
('01.200.50', 'Bagi Hasil Sijaka Segera Dbyr', 19965350, '01.200'),
('01.200.60', 'Lainnya', 10103559, '01.200'),
('01.210.10', 'Hutang Mudharabah', 1219974838, '01.210'),
('01.210.20', 'Hutang Mudharabah Berjangka', 1681750000, '01.210'),
('01.210.30', 'Hutang Lain-lain', 0, '01.210'),
('01.230.10', 'Hutang Jangka Pendek', 0, '01.230'),
('01.240.10', 'Hutang Pada Pemerintah', 0, '01.240'),
('01.240.20', 'Hutang Pada Bank', 283336351, '01.240'),
('01.240.30', 'Hutang Pada Koperasi', 0, '01.240'),
('01.250.10', 'Zakat, Infaq Dan Shodaqoh', 372917, '01.250'),
('01.250.20', 'Pendapatan Diterima Dimuka', 0, '01.250'),
('01.250.30', 'Lainnya', 12552152, '01.250'),
('01.260.10', 'Simpanan Pokok Anggota', 3600000, '01.260'),
('01.260.20', 'Simpanan Wajib Anggota', 50400000, '01.260'),
('01.260.30', 'Donasi', 0, '01.260'),
('01.260.40', 'Cadangan Umum', 0, '01.260'),
('01.260.50', 'Cadangan Tujuan', 259585060, '01.260'),
('01.260.60', 'Modal Investasi Lainnya', 0, '01.260'),
('01.270.10', 'SHU Tahun Lalu', 15436878, '01.270'),
('01.280.10', 'SHU Tahun Berjalan', 0, '01.280'),
('02.110.10', 'Bunga Bank BPR JATIM', 0, '02.110'),
('02.110.20', 'Bunga Bank BRI', 0, '02.110'),
('02.110.30', 'Bunga Bank Jatim', 0, '02.110'),
('02.120.10', 'Bagi Hasil Pembiyaan Mudharobah', 0, '02.120'),
('02.120.20', 'Bagi Hasil Pembiyaan Murabahah', 0, '02.120'),
('02.120.30', 'Bagi Hasil Pembiyaan Lainnya', 0, '02.120'),
('02.130.10', 'Provisi & Administrasi', 0, '02.130'),
('02.140.10', 'Lainnya', 0, '02.140'),
('02.210.10', 'Simpanan Mudharabah', 0, '02.210'),
('02.210.20', 'Simpanan Berjangka', 0, '02.210'),
('02.210.30', 'Pinjaman', 0, '02.210'),
('02.210.40', 'Lainnya', 0, '02.210'),
('02.220.10', 'Honor Pengurus & BP', 0, '02.220'),
('02.220.20', 'Gaji Pegawai', 0, '02.220'),
('02.220.30', 'Lainnya', 0, '02.220'),
('02.230.10', 'Pendidikan Dan Pelatihan', 0, '02.230'),
('02.240.10', 'Sewa', 0, '02.240'),
('02.250.10', 'Pajak - Pajak', 0, '02.250'),
('02.260.10', 'Pemeliharaan & Perbaikan', 0, '02.260'),
('02.270.10', 'Rekening Tellepon', 0, '02.270'),
('02.270.20', 'Rekening Lestrik', 0, '02.270'),
('02.270.30', 'Rekening Air', 0, '02.270'),
('02.270.40', 'Administrasi Kantor (ATK)', 0, '02.270'),
('02.270.50', 'BBM', 0, '02.270'),
('02.270.60', 'Perjalanan Dinas', 0, '02.270'),
('02.270.70', 'Biaya Umum', 0, '02.270'),
('02.270.80', 'Biaya Barang & Jasa Lainnya', 0, '02.270'),
('02.280.10', 'Penghapus Bukuan Piutang     ', 0, '02.280'),
('02.290.10', 'Penyusutan Gedung', 0, '02.290'),
('02.290.20', 'Penyusutan Inventaris', 0, '02.290'),
('02.300.10', 'Biaya Non Operasional', 0, '02.300'),
('02.310.10', 'SHU Sebelum Pajak', 0, '02.310'),
('02.320.10', 'Pajak Penghasilan', 0, '02.320'),
('02.330.10', 'SISA HASIL USAHA', 0, '02.330');

-- --------------------------------------------------------

--
-- Struktur dari tabel `ak_set_rekening`
--

CREATE TABLE `ak_set_rekening` (
  `id_ak_set_rekening` int(11) NOT NULL,
  `jenis_trx` varchar(15) NOT NULL,
  `rek_debet` varchar(12) NOT NULL,
  `rek_kredit` varchar(12) NOT NULL
) ENGINE=InnoDB DEFAULT CHARSET=latin1;

-- --------------------------------------------------------

--
-- Struktur dari tabel `ak_trx_bank`
--

CREATE TABLE `ak_trx_bank` (
  `kode_trx_bank` varchar(20) NOT NULL,
  `tanggal` date NOT NULL,
  `kode_perkiraan` varchar(10) NOT NULL,
  `tipe` enum('D','K') NOT NULL,
  `nomor` int(4) UNSIGNED ZEROFILL NOT NULL,
  `grand_total` int(11) NOT NULL
) ENGINE=InnoDB DEFAULT CHARSET=latin1;

-- --------------------------------------------------------

--
-- Struktur dari tabel `ak_trx_kas`
--

CREATE TABLE `ak_trx_kas` (
  `kode_trx_kas` varchar(20) NOT NULL,
  `tanggal` date NOT NULL,
  `kode_perkiraan` varchar(10) NOT NULL,
  `tipe` enum('D','K') NOT NULL,
  `nomor` int(4) UNSIGNED ZEROFILL NOT NULL,
  `grand_total` int(11) NOT NULL
) ENGINE=InnoDB DEFAULT CHARSET=latin1;

-- --------------------------------------------------------

--
-- Struktur dari tabel `ak_trx_memorial`
--

CREATE TABLE `ak_trx_memorial` (
  `kode_trx_memorial` varchar(20) NOT NULL,
  `tanggal` date NOT NULL,
  `tipe` enum('D','K') NOT NULL,
  `nomor` int(4) UNSIGNED ZEROFILL NOT NULL,
  `grand_total` int(11) NOT NULL
) ENGINE=InnoDB DEFAULT CHARSET=latin1;

-- --------------------------------------------------------

--
-- Struktur dari tabel `anggota`
--

CREATE TABLE `anggota` (
  `no_anggota` varchar(6) NOT NULL,
  `nama` varchar(30) NOT NULL,
  `alamat` varchar(50) NOT NULL,
  `tgl_daftar` date NOT NULL,
  `status` tinyint(1) NOT NULL
) ENGINE=InnoDB DEFAULT CHARSET=latin1;

--
-- Dumping data untuk tabel `anggota`
--

INSERT INTO `anggota` (`no_anggota`, `nama`, `alamat`, `tgl_daftar`, `status`) VALUES
('00001', 'BUSARI', 'Desa Ledoktempuro, Dusun Curahtekor , RT 1 RW 3', '2020-02-01', 1),
('00002', 'MUZAMIL', 'Desa Randuagung, Dusun Elosan , RT 15 RW 10', '2020-02-01', 1),
('00003', 'SARIYA', 'Desa Ledoktempuro, Dusun Lembenah , RT 7 RW 6', '2020-02-01', 1),
('00004', 'JEMAH', 'Desa Ledoktempuro, Dusun Lembenah , RT 7 RW 6', '2020-02-01', 1),
('00005', 'SYAMSUL BAHRI', 'Desa Ledoktempuro, Dusun Krajan , RT 5 RW 1', '2020-02-01', 1),
('00006', 'DRS.AGUS CHOLIK', 'Desa Ledoktempuro, Dusun Krajan , RT 2 RW 1', '2020-02-01', 1),
('00007', 'SANI', 'Desa Ledoktempuro, Dusun Lembenah , RT 7 RW 6', '2020-02-01', 1),
('00008', 'KUSNANDRI', 'Desa Ranulogong, Dusun Tongmaling , RT  RW', '2020-02-01', 1),
('00009', 'HOTIMA', 'Desa Tunjung,, Dusun Krajan , RT 1 RW 2', '2020-02-01', 1),
('00010', 'RIYANTO', 'Desa Tunjung, Dusun Krajan , RT 1 RW 1', '2020-02-01', 1),
('00011', 'SLAMET RIYADI', 'Desa Ledoktempuro, Dusun Krajan , RT 2 RW 1', '2020-02-01', 1),
('00012', 'MOHER', 'Desa Tunjung,, Dusun Krajan , RT 1 RW 2', '2020-02-01', 1),
('00013', 'SURYO', 'Desa Tunjung,, Dusun Krajan , RT 1 RW 2', '2020-02-01', 1),
('00014', 'SUNARUM', 'Desa Ledoktempuro, Dusun Krajan , RT 4 RW 1', '2020-02-01', 1),
('00015', 'SARIPUN', 'Desa Ledoktempuro, Dusun Krajan , RT 4 RW 1', '2020-02-01', 1),
('00016', 'HENDI KAUSAR', 'Desa Ledoktempuro, Dusun Lembenah , RT 6 RW 5', '2020-02-01', 1),
('00017', 'SAHAR MI', 'Desa Ranuwurung, Dusun Sb.Tumpang , RT 27 RW 4', '2020-02-01', 1),
('00018', 'BUSARI', 'Desa Ledoktempuro, Dusun Curahtekor , RT 1 RW 3', '2020-02-01', 1),
('00019', 'SYAIFUL RIZAL', 'Desa Ranuwurung, Dusun Sb.Tumpang , RT 27 RW 4', '2020-02-01', 1),
('00020', 'ROMLAH', 'Desa Ledoktempuro, Dusun Curahtekor , RT 6 RW 4', '2020-02-01', 1),
('00021', 'SATUNI', 'Desa Ledoktempuro, Dusun Lembenah , RT 6 RW 5', '2020-02-01', 1),
('00022', 'ENIK K', 'Desa Ledoktempuro, Dusun Curahtekor , RT 4 RW 3', '2020-02-01', 1),
('00023', 'ASMAWATI', 'Desa Ledoktempuro, Dusun Curahtekor , RT 7 RW 4', '2020-02-01', 1),
('00024', 'MAYA', 'Desa Tunjung, Dusun Krajan , RT 1 RW 1', '2020-02-01', 1),
('00025', 'P.BUARI', 'Desa Tunjung, Dusun Jerukan , RT 2 RW 6', '2020-02-01', 1),
('00026', 'NIKMATUS ZUHRO', 'Desa Ledoktempuro, Dusun Krajan , RT 1 RW 1', '2020-02-01', 1),
('00027', 'MUSER', 'Desa Ledoktempuro, Dusun Curahtekor , RT 2 RW 3', '2020-02-01', 1),
('00028', 'SYAIFUL', 'Desa Ledoktempuro, Dusun Lembenah , RT 7 RW 6', '2020-02-01', 1),
('00029', 'SUPARDI', 'Desa Randuagung, Dusun Elosan , RT 15 RW 10', '2020-02-01', 1),
('00030', 'DIDIK W', 'Desa Randuagung, Dusun Elosan , RT 15 RW 10', '2020-02-01', 1),
('00031', 'SULAMI', 'Desa Tunjung, Dusun Krajan 2 , RT 2 RW 2', '2020-02-01', 1),
('00032', 'FITRIA S', 'Desa Ledoktempuro, Dusun Curahtekor , RT 6 RW 5', '2020-02-01', 1),
('00033', 'FIAN', 'Desa Randuagung, Dusun Langsepan , RT 2 RW 10', '2020-02-01', 1),
('00034', 'B.DARTO', 'Desa Ledoktempuro, Dusun Lembenah , RT 4 RW 5', '2020-02-01', 1),
('00035', 'NURLAILI', 'Desa Ledoktempuro, Dusun Lembenah , RT 8 RW 6', '2020-02-01', 1),
('00036', 'USP MUH', 'Desa Ledoktempuro, Dusun Lembenah , RT 5 RW 6', '2020-02-01', 1),
('00037', 'ARISAN MUH', 'Desa Ledoktempuro, Dusun Lembenah , RT 5 RW 6', '2020-02-01', 1),
('00038', 'BUDIONO P.DARMA', 'Desa Ledoktempuro, Dusun Krajan , RT 5 RW 1', '2020-02-01', 1),
('00039', 'ISMAIL MARJUKI', 'Desa Randuagung, Dusun Krajan , RT 1 RW 2', '2020-02-01', 1),
('00040', 'SUCIK NURUL', 'Desa Tunjung, Dusun Krajan 2 , RT 2 RW 2', '2020-02-01', 1),
('00041', 'HERI', 'Desa Randuagung, Dusun Elosan , RT 10 RW 15', '2020-02-01', 1),
('00042', 'SUHUT', 'Desa Randuagung, Dusun Elosan , RT 10 RW 15', '2020-02-01', 1),
('00043', 'SATENI', 'Desa Randuagung, Dusun Klompangan , RT 11 RW 2', '2020-02-01', 1),
('00044', 'WARSO', 'Desa Ledoktempuro, Dusun Lembenah , RT 8 RW 6', '2020-02-01', 1),
('00045', 'MUSLIM PRIBADI', 'Desa Ledoktempuro, Dusun Curahtekor , RT 4 RW 5', '2020-02-01', 1),
('00046', 'HUSNUL BADRIYAH', 'Desa Ledoktempuro, Dusun Lembenah , RT 8 RW 6', '2020-02-01', 1),
('00047', 'TIMAN MURTI', 'Desa Ledoktempuro, Dusun Krajan , RT 8 RW 2', '2020-02-01', 1),
('00048', 'ABDUL AZIZ', 'Desa , Dusun  , RT  RW', '2020-02-01', 1),
('00049', 'SITI KHOTIJAH', 'Desa Randuagung, Dusun Langsepan , RT 2 RW 10', '2020-02-01', 1),
('00050', 'MUKTAMAR / MADANI', 'Desa Ledoktempuro, Dusun Lembenah , RT 5 RW 6', '2020-02-01', 1),
('00051', 'LINA', 'Desa Ledoktempuro, Dusun  , RT  RW', '2020-02-01', 1),
('00052', 'CABANG MUH', 'Desa Ledoktempuro, Dusun Lembenah , RT 5 RW 6', '2020-02-01', 1),
('00053', 'IRM', 'Desa Ledoktempuro, Dusun Lembenah , RT 5 RW 6', '2020-02-01', 1),
('00054', 'FITRIA', 'Desa , Dusun  , RT  RW', '2020-02-01', 1),
('00055', 'NURDIRI', 'Desa , Dusun  , RT  RW', '2020-02-01', 1),
('00056', 'SIDUN', 'Desa Ledoktempuro, Dusun Darungan , RT 1 RW 7', '2020-02-01', 1),
('00057', 'M.YAMIN PRIBADI', 'Desa Randuagung, Dusun Langsepan , RT 2 RW 10', '2020-02-01', 1),
('00058', 'SUHANTO', 'Desa Ledoktempuro, Dusun Krajan , RT 6 RW 6', '2020-02-01', 1),
('00059', 'LILIK KRJ', 'Desa Ledoktempuro, Dusun Lembenah , RT 6 RW 5', '2020-02-01', 1),
('00060', 'AJENG', 'Desa , Dusun  , RT  RW', '2020-02-01', 1),
('00061', 'ABDUL HAMID', 'Desa Ledoktempuro, Dusun Krajan , RT 2 RW 1', '2020-02-01', 1),
('00062', 'MUHLIS', 'Desa , Dusun  , RT  RW', '2020-02-01', 1),
('00063', 'INDRA', 'Desa Randuagung, Dusun Langsepan , RT 2 RW 10', '2020-02-01', 1),
('00064', 'BUAMI', 'Desa Ledoktempuro, Dusun Darungan , RT  RW', '2020-02-01', 1),
('00065', 'MISTI', 'Desa Ledoktempuro, Dusun Lembenah , RT 4 RW 5', '2020-02-01', 1),
('00066', 'ARIFIN', 'Desa , Dusun  , RT  RW', '2020-02-01', 1),
('00067', 'YUNI', 'Desa Ledoktempuro, Dusun Lembenah , RT 4 RW 5', '2020-02-01', 1),
('00068', 'SULASTRI', 'Desa Randuagung, Dusun Langsepan , RT 2 RW 10', '2020-02-01', 1),
('00069', 'MOH DEWI', 'Desa Tunjung, Dusun Krajan , RT 1 RW 2', '2020-02-01', 1),
('00070', 'NARI', 'Desa Ledoktempuro, Dusun  , RT  RW', '2020-02-01', 1),
('00071', 'ENY S', 'Desa Randuagung, Dusun Langsepan , RT 1 RW 10', '2020-02-01', 1),
('00072', 'MIARTO', 'Desa , Dusun  , RT  RW', '2020-02-01', 1),
('00073', 'B.SUMARTO', 'Desa Ledoktempuro, Dusun Darungan , RT  RW', '2020-02-01', 1),
('00074', 'SLAMET', 'Desa , Dusun  , RT  RW', '2020-02-01', 1),
('00075', 'RAFI', 'Desa Randuagung, Dusun klompangan , RT 11 RW 2', '2020-02-01', 1),
('00076', 'SW PUPUK', 'Desa Ledoktempuro, Dusun Lembenah , RT 5 RW 6', '2020-02-01', 1),
('00077', 'B.SUBARI', 'Desa Randuagung, Dusun  , RT  RW', '2020-02-01', 1),
('00078', 'SAWARDI', 'Desa Randuagung, Dusun  , RT  RW', '2020-02-01', 1),
('00079', 'B.HARTONO', 'Desa Ledoktempuro, Dusun  , RT  RW', '2020-02-01', 1),
('00080', 'DIAN', 'Desa Randuagung, Dusun  , RT  RW', '2020-02-01', 1),
('00081', 'TEGAR', 'Desa Ledoktempuro, Dusun Curahtekor , RT 4 RW 5', '2020-02-01', 1),
('00082', 'AGUS', 'Desa , Dusun  , RT  RW', '2020-02-01', 1),
('00083', 'HJ.FARIDA', 'Desa Ledoktempuro, Dusun Lembenah , RT 5 RW 5', '2020-02-01', 1),
('00084', 'HERMANTO', 'Desa Ledoktempuro, Dusun Darungan , RT 7 RW 8', '2020-02-01', 1),
('00085', 'MISNI', 'Desa Kalipenggung, Dusun Krajan , RT 1 RW 1', '2020-02-01', 1),
('00086', 'M.ASYKAR', 'Desa Ledoktempuro, Dusun Curahtekor , RT 4 RW 3', '2020-02-01', 1),
('00087', 'M.YAMIN', 'Desa Randuagung, Dusun Langsepan , RT 2 RW 10', '2020-02-01', 1),
('00088', 'SARTI SJK', 'Desa Kalipenggung, Dusun Krajan , RT 1 RW 1', '2020-02-01', 1),
('00089', 'SINAR BULAN', 'Desa Randuagung, Dusun Elosan , RT 10 RW 15', '2020-02-01', 1),
('00090', 'HAYYINA', 'Desa Ledoktempuro, Dusun Curahtekor , RT  RW', '2020-02-01', 1),
('00091', 'AZUMI', 'Desa Randuagung, Dusun Krajan , RT 2 RW 2', '2020-02-01', 1),
('00092', 'DIVO', 'Desa Randuagung, Dusun Krajan , RT 2 RW 2', '2020-02-01', 1),
('00093', 'MAHMUDAH SNT', 'Desa Randuagung, Dusun Langsepan , RT  RW', '2020-02-01', 1),
('00094', 'AR.SUDARMI', 'Desa , Dusun  , RT  RW', '2020-02-01', 1),
('00095', 'HJ.HOLIFAH', 'Desa Randuagung, Dusun Elosan , RT 10 RW 15', '2020-02-01', 1),
('00096', 'SUMIATI', 'Desa , Dusun  , RT  RW', '2020-02-01', 1),
('00097', 'TIKA', 'Desa Tunjung, Dusun  , RT  RW', '2020-02-01', 1),
('00098', 'OLOM', 'Desa Tunjung, Dusun Krajan , RT 1 RW 1', '2020-02-01', 1),
('00099', 'SU', 'Desa Tunjung, Dusun Krajan , RT 1 RW 1', '2020-02-01', 1),
('00100', 'BUYANI', 'Desa , Dusun  , RT  RW', '2020-02-01', 1),
('00101', 'BAMBANG', 'Desa Randuagung, Dusun Elosan , RT 10 RW 15', '2020-02-01', 1),
('00102', 'ENDANG WAHYUNI', 'Desa , Dusun  , RT  RW', '2020-02-01', 1),
('00103', 'MUHAZAM', 'Desa , Dusun  , RT  RW', '2020-02-01', 1),
('00104', 'HARUM HRL', 'Desa Ranuwurung, Dusun Sb.Tumpang , RT 25 RW 4', '2020-02-01', 1),
('00105', 'AK .MARGIANTO', 'Desa Ledoktempuro, Dusun Lembenah , RT 5 RW 5', '2020-02-01', 1),
('00106', 'HANAPI / MARINA', 'Desa Ranuwurung, Dusun Sb.Tumpang , RT 26 RW 4', '2020-02-01', 1),
('00107', 'FARID', 'Desa , Dusun  , RT  RW', '2020-02-01', 1),
('00108', 'RIDHO\'I', 'Desa Randuagung,, Dusun Langsepan , RT 2 RW 10', '2020-02-01', 1),
('00109', 'SAIFUL BAHRI', 'Desa Randuagung, Dusun Elosan , RT 10 RW 15', '2020-02-01', 1),
('00110', 'NOVI LBH', 'Desa Madani, Dusun  , RT  RW', '2020-02-01', 1),
('00111', 'TRIUS ARBAIN', 'Desa Randuagung, Dusun Langsepan , RT  RW', '2020-02-01', 1),
('00112', 'ARTANI', 'Desa , Dusun  , RT  RW', '2020-02-01', 1),
('00113', 'RIZAL H', 'Desa Ledoktempuro, Dusun Curahtekor , RT 5 RW 4', '2020-02-01', 1),
('00114', 'ATIK', 'Desa Tunjung, Dusun  , RT  RW', '2020-02-01', 1),
('00115', 'P.SUMARTO', 'Desa Ledoktempuro, Dusun  , RT  RW', '2020-02-01', 1),
('00116', 'RATNA', 'Desa , Dusun  , RT  RW', '2020-02-01', 1),
('00117', 'LANA', 'Desa Ledoktempuro, Dusun Curahtekor , RT 5 RW 4', '2020-02-01', 1),
('00118', 'H.HASAN', 'Desa Randuagung, Dusun Elosan , RT 10 RW 15', '2020-02-01', 1),
('00119', 'IMA AGUSTIN', 'Desa Ledoktempuro, Dusun Krajan , RT 3 RW 1', '2020-02-01', 1),
('00120', 'SITI AISYAH 2', 'Desa Randuagung, Dusun Langsepan , RT 2 RW 10', '2020-02-01', 1),
('00121', 'USMAN BKL', 'Desa Ledoktempuro, Dusun Krajan , RT 1 RW 1', '2020-02-01', 1),
('00122', 'TRI NUR JANNAH TK ABA', 'Desa Ledoktempuro, Dusun  , RT  RW', '2020-02-01', 1),
('00123', 'MISTIANI RH', 'Desa Ledoktempuro, Dusun Krajan , RT 3 RW 1', '2020-02-01', 1),
('00124', 'ISKANDAR PINATU', 'Desa , Dusun  , RT  RW', '2020-02-01', 1),
('00125', 'PUHA ASYKAR', 'Desa Ledoktempuro, Dusun Curahtekor , RT 4 RW 3', '2020-02-01', 1),
('00126', 'MASNI', 'Desa , Dusun  , RT  RW', '2020-02-01', 1),
('00127', 'PONIADI', 'Desa Randuagung, Dusun Elosan , RT 10 RW 15', '2020-02-01', 1),
('00128', 'HERMANTO B', 'Desa Ledoktempuro, Dusun Darungan , RT  RW', '2020-02-01', 1),
('00129', 'SABAR', 'Desa Randuagung, Dusun Elosan , RT 10 RW 15', '2020-02-01', 1),
('00130', 'SAMSUL BAHRI MTS', 'Desa Ledoktempuro, Dusun Persil , RT  RW', '2020-02-01', 1),
('00131', 'RISKA YATIM', 'Desa , Dusun  , RT  RW', '2020-02-01', 1),
('00132', 'M BARDAN N', 'Desa Ledoktempuro, Dusun Lembenah , RT  RW', '2020-02-01', 1),
('00133', 'CINDY YTM', 'Desa , Dusun  , RT  RW', '2020-02-01', 1),
('00134', 'NY.SRI SUPI\'I', 'Desa , Dusun  , RT  RW', '2020-02-01', 1),
('00135', 'DANA DYAKSA MRF', 'Desa Gedangmas, Dusun Krajan , RT 16 RW 5', '2020-02-01', 1),
('00136', 'MUJIONO', 'Desa , Dusun  , RT  RW', '2020-02-01', 1),
('00137', 'MARTAWI', 'Desa Ledoktempuro, Dusun Lembenah , RT 5 RW 5', '2020-02-01', 1),
('00138', 'ADEN', 'Desa Randuagung, Dusun Langsepan , RT 2 RW 10', '2020-02-01', 1),
('00139', 'SURO MISRI', 'Desa , Dusun  , RT  RW', '2020-02-01', 1),
('00140', 'RIKA SNT', 'Desa , Dusun  , RT  RW', '2020-02-01', 1),
('00141', 'RATMIATI', 'Desa Ledoktempuro, Dusun Curahtekor , RT 4 RW 5', '2020-02-01', 1),
('00142', 'MUH BARDAH', 'Desa Ledoktempuro, Dusun  , RT  RW', '2020-02-01', 1),
('00143', 'ASTRI', 'Desa , Dusun  , RT  RW', '2020-02-01', 1),
('00144', 'TUMI MISKAN', 'Desa , Dusun  , RT  RW', '2020-02-01', 1),
('00145', 'RAGIL', 'Desa Buwek, Dusun  , RT  RW', '2020-02-01', 1),
('00146', 'KHOIR BELA', 'Desa Ledoktempuro, Dusun Krajan , RT 1 RW 1', '2020-02-01', 1),
('00147', 'HALIYEH', 'Desa Tunjung, Dusun Krajan , RT 1 RW 1', '2020-02-01', 1),
('00148', 'ROSIDA', 'Desa , Dusun  , RT  RW', '2020-02-01', 1),
('00149', 'SURYA NINGSIH', 'Desa Tunjung, Dusun Krajan 2 , RT 2 RW 2', '2020-02-01', 1),
('00150', 'ROMI', 'Desa Ledoktempuro, Dusun Curahtekor , RT 3 RW 4', '2020-02-01', 1),
('00151', 'MUH.SOLEH', 'Desa Ledoktempuro, Dusun Lembenah , RT 8 RW 6', '2020-02-01', 1),
('00152', 'B.DARTO 2', 'Desa Ledoktempuro, Dusun Lembenah , RT 5 RW 5', '2020-02-01', 1),
('00153', 'LULUK', 'Desa , Dusun  , RT  RW', '2020-02-01', 1),
('00154', 'JUMADI SNT', 'Desa , Dusun  , RT  RW', '2020-02-01', 1),
('00155', 'SULIHA NURIS', 'Desa , Dusun  , RT  RW', '2020-02-01', 1),
('00156', 'SANTI', 'Desa Ledoktempuro, Dusun Lembenah , RT 8 RW 6', '2020-02-01', 1),
('00157', 'MUH DAFIQ.A', 'Desa , Dusun  , RT  RW', '2020-02-01', 1),
('00158', 'SUNARMI', 'Desa Randuagung, Dusun  , RT  RW', '2020-02-01', 1),
('00159', 'SUHAR', 'Desa , Dusun  , RT  RW', '2020-02-01', 1),
('00160', 'SIAMI', 'Desa , Dusun  , RT  RW', '2020-02-01', 1),
('00161', 'ACONK PS', 'Desa Ledoktempuro, Dusun Lembenah , RT 4 RW 5', '2020-02-01', 1),
('00162', 'HERMANTO B2', 'Desa Ledoktempuro, Dusun Darungan , RT 7 RW 8', '2020-02-01', 1),
('00163', 'FITROTUN', 'Desa , Dusun  , RT  RW', '2020-02-01', 1),
('00164', 'TANNYONO;A.Ma.pd', 'Desa Randuagung, Dusun Krajan , RT 1 RW 2', '2020-02-01', 1),
('00165', 'JUMAD', 'Desa Ranuwurung, Dusun Sb.Tumpang , RT 26 RW 4', '2020-02-01', 1),
('00166', 'B.MISTARI', 'Desa , Dusun  , RT  RW', '2020-02-01', 1),
('00167', 'RUSLAN JOHAN', 'Desa Ledoktempuro, Dusun Curahtekor , RT 5 RW 4', '2020-02-01', 1),
('00168', 'NURHASAN', 'Desa , Dusun  , RT  RW', '2020-02-01', 1),
('00169', 'DIDIK SISWANTO', 'Desa , Dusun  , RT  RW', '2020-02-01', 1),
('00170', 'RUMI', 'Desa Ledoktempuro, Dusun Curahtekor , RT 6 RW 5', '2020-02-01', 1),
('00171', 'DIANS OKTAVIROTUL', 'Desa , Dusun  , RT  RW', '2020-02-01', 1),
('00172', 'RKM', 'Desa , Dusun  , RT  RW', '2020-02-01', 1),
('00173', 'SARIMA', 'Desa Randuagung, Dusun Langsepan , RT 2 RW 9', '2020-02-01', 1),
('00174', 'WIWIK WINARSIH', 'Desa Gedangmas, Dusun  , RT  RW', '2020-02-01', 1),
('00175', 'HUSNAWIYAH', 'Desa Randuagung, Dusun  , RT  RW', '2020-02-01', 1),
('00176', 'ZAHRO', 'Desa , Dusun  , RT  RW', '2020-02-01', 1),
('00177', 'ASIH TANSYONO', 'Desa Randuagung, Dusun Krajan , RT 1 RW 2', '2020-02-01', 1),
('00178', 'ASA', 'Desa , Dusun  , RT  RW', '2020-02-01', 1),
('00179', 'IPUNG', 'Desa Tunjung, Dusun Krajan , RT 1 RW 1', '2020-02-01', 1),
('00180', 'FITRI PKM', 'Desa Tunjung, Dusun Krajan , RT 1 RW 1', '2020-02-01', 1),
('00181', 'HOLIP', 'Desa , Dusun  , RT  RW', '2020-02-01', 1),
('00182', 'YASIN', 'Desa Tunjung, Dusun Krajan , RT 1 RW 1', '2020-02-01', 1),
('00183', 'SITI AMINAH', 'Desa , Dusun  , RT  RW', '2020-02-01', 1),
('00184', 'ARNI AHUG', 'Desa Ledoktempuro, Dusun  , RT  RW', '2020-02-01', 1),
('00185', 'ARSIN', 'Desa Ledoktempuro, Dusun Krajan , RT 8 RW 2', '2020-02-01', 1),
('00186', 'FARIS', 'Desa Tunjung, Dusun Krajan , RT 1 RW 1', '2020-02-01', 1),
('00187', 'MANDALA', 'Desa , Dusun  , RT  RW', '2020-02-01', 1),
('00188', 'ERNAWATI B', 'Desa Ledoktempuro, Dusun Curahtekor , RT 6 RW 5', '2020-02-01', 1),
('00189', 'MISTU', 'Desa Ledoktempuro, Dusun Curahtekor , RT 1 RW 3', '2020-02-01', 1),
('00190', 'PUTRI PKM', 'Desa Tunjung, Dusun Krajan , RT 1 RW 1', '2020-02-01', 1),
('00191', 'LAZIZ MUH', 'Desa Ledoktempuro, Dusun Lembenah , RT 6 RW 5', '2020-02-01', 1),
('00192', 'MARVEL', 'Desa Ledoktempuro, Dusun Krajan , RT 4 RW 1', '2020-02-01', 1),
('00193', 'ROMLAH', 'Desa Kudus, Dusun  , RT  RW', '2020-02-01', 1),
('00194', 'NURUL', 'Desa Ledoktempuro, Dusun Lembenah , RT 4 RW 5', '2020-02-01', 1),
('00195', 'QURBAN', 'Desa Ledoktempuro, Dusun Lembenah , RT 4 RW 5', '2020-02-01', 1),
('00196', 'BAK NIK', 'Desa Ledoktempuro, Dusun Lembenah , RT 4 RW 5', '2020-02-01', 1),
('00197', 'RISKA L', 'Desa Ledoktempuro, Dusun Lembenah , RT 3 RW 5', '2020-02-01', 1),
('00198', 'WIJAYA MOTOR', 'Desa Ledoktempuro, Dusun Krajan , RT 1 RW 1', '2020-02-01', 1),
('00199', 'ITA', 'Desa Ledoktempuro, Dusun Lembenah , RT 4 RW 5', '2020-02-01', 1),
('00200', 'ANGGORO KASIH', 'Desa Randuagung, Dusun  , RT  RW', '2020-02-01', 1),
('00201', 'BAIM', 'Desa , Dusun  , RT  RW', '2020-02-01', 1),
('00202', 'SAMI LEDOK', 'Desa , Dusun  , RT  RW', '2020-02-01', 1),
('00203', 'MAT TAHIR', 'Desa Ledoktempuro, Dusun Darungan , RT 7 RW 8', '2020-02-01', 1),
('00204', 'HORIKA', 'Desa , Dusun  , RT  RW', '2020-02-01', 1),
('00205', 'B.SUPARNI', 'Desa Ledoktempuro, Dusun Lembenah , RT 7 RW 6', '2020-02-01', 1),
('00206', 'SITI HOTIJA', 'Desa , Dusun  , RT  RW', '2020-02-01', 1),
('00207', 'UD SAFANAH', 'Desa Ledoktempuro, Dusun Darungan , RT 9 RW 8', '2020-02-01', 1),
('00208', 'WAGIMAN', 'Desa Ranuwurung, Dusun Sb.Tumpang , RT 28 RW 4', '2020-02-01', 1),
('00209', 'MASARO', 'Desa Randuagung, Dusun Elosan , RT 10 RW 15', '2020-02-01', 1),
('00210', 'ULFIA', 'Desa , Dusun  , RT  RW', '2020-02-01', 1),
('00211', 'SUNAJUWITA SARI', 'Desa Kalipenggung, Dusun Kalijeruk , RT 12 RW 3', '2020-02-01', 1),
('00212', 'IVA TUMI', 'Desa Ledoktempuro, Dusun Curahtekor , RT 4 RW 5', '2020-02-01', 1),
('00213', 'JUMAN', 'Desa Ledoktempuro, Dusun Curahtekor , RT 6 RW 5', '2020-02-01', 1),
('00214', 'JUNAIDA FARADILA', 'Desa , Dusun  , RT  RW', '2020-02-01', 1),
('00215', 'IIN DWI A', 'Desa , Dusun  , RT  RW', '2020-02-01', 1),
('00216', 'HARYANTO', 'Desa Tunjung, Dusun  , RT  RW', '2020-02-01', 1),
('00217', 'NURWATIN', 'Desa , Dusun  , RT  RW', '2020-02-01', 1),
('00218', 'SITI KHOTIJA', 'Desa Randuagung, Dusun Langsepan , RT 1 RW 10', '2020-02-01', 1),
('00219', 'AYUN (SMB)', 'Desa , Dusun  , RT  RW', '2020-02-01', 1),
('00220', 'HIDAYATULLAH', 'Desa , Dusun  , RT  RW', '2020-02-01', 1),
('00221', 'PUTRI NILI A', 'Desa , Dusun  , RT  RW', '2020-02-01', 1),
('00222', 'SANEN MISTIYAH', 'Desa , Dusun  , RT  RW', '2020-02-01', 1),
('00223', 'SAIFUL BUWEK', 'Desa Buwek, Dusun  , RT  RW', '2020-02-01', 1),
('00224', 'ICA', 'Desa Randuagung, Dusun Elosan , RT 10 RW 15', '2020-02-01', 1),
('00225', 'WIWIK RKM', 'Desa , Dusun  , RT  RW', '2020-02-01', 1),
('00226', 'NURUL FAJARIYAH 1', 'Desa , Dusun  , RT  RW', '2020-02-01', 1),
('00227', 'BAMBANG SULASTRI', 'Desa Randuagung, Dusun Langsepan , RT 2 RW 10', '2020-02-01', 1),
('00228', 'HAMIDATUS SOLEHA', 'Desa Ledoktempuro, Dusun Krajan , RT 2 RW 1', '2020-02-01', 1),
('00229', 'TUBATULLAH', 'Desa , Dusun  , RT  RW', '2020-02-01', 1),
('00230', 'HILWA', 'Desa Ledoktempuro, Dusun Krajan , RT 5 RW 1', '2020-02-01', 1),
('00231', 'NANANG B', 'Desa Ledoktempuro, Dusun Curahtekor , RT 3 RW 4', '2020-02-01', 1),
('00232', 'SUMIATI', 'Desa , Dusun  , RT  RW', '2020-02-01', 1),
('00233', 'HUSNI WIWIK', 'Desa Ledoktempuro, Dusun Lembenah , RT 4 RW 5', '2020-02-01', 1),
('00234', 'SISWANTO', 'Desa Ledoktempuro, Dusun Lembenah , RT 6 RW 5', '2020-02-01', 1),
('00235', 'SUS AROM', 'Desa , Dusun  , RT  RW', '2020-02-01', 1),
('00236', 'SARTI RUSMAT', 'Desa , Dusun  , RT  RW', '2020-02-01', 1),
('00237', 'CACA', 'Desa , Dusun  , RT  RW', '2020-02-01', 1),
('00238', 'HASANAH BR', 'Desa , Dusun  , RT  RW', '2020-02-01', 1),
('00239', 'AHMAD HERI', 'Desa Gedangmas, Dusun Sb.Gebang , RT 2 RW 1', '2020-02-01', 1),
('00240', 'SUTIK LEDOK', 'Desa Ledoktempuro, Dusun  , RT  RW', '2020-02-01', 1),
('00241', 'REGULATOR', 'Desa , Dusun  , RT  RW', '2020-02-01', 1),
('00242', 'FAUZI BKL', 'Desa Ledoktempuro, Dusun Curahtekor , RT 6 RW 5', '2020-02-01', 1),
('00243', 'MIARSI', 'Desa Ledoktempuro, Dusun Curahtekor , RT  RW', '2020-02-01', 1),
('00244', 'A\'IM', 'Desa Ledoktempuro, Dusun Curahtekor , RT 6 RW 5', '2020-02-01', 1),
('00245', 'BENI', 'Desa Ledoktempuro, Dusun Curahtekor , RT 4 RW 5', '2020-02-01', 1),
('00246', 'SARINI', 'Desa Ranulogong,, Dusun  , RT  RW', '2020-02-01', 1),
('00247', 'MUJI HARIONO', 'Desa Ledoktempuro, Dusun Lembenah , RT 7 RW 6', '2020-02-01', 1),
('00248', 'ADITIYA', 'Desa Ledoktempuro, Dusun Lembenah , RT 6 RW 6', '2020-02-01', 1),
('00249', 'WIKE', 'Desa , Dusun  , RT  RW', '2020-02-01', 1),
('00250', 'FAEYZA ATHARISS LL', 'Desa , Dusun  , RT  RW', '2020-02-01', 1),
('00251', 'MISTI', 'Desa Ledoktempuro, Dusun Curahtekor , RT  RW', '2020-02-01', 1),
('00252', 'ANGGA', 'Desa Ledoktempuro, Dusun Lembenah , RT 4 RW 5', '2020-02-01', 1),
('00253', 'MANDA FARID', 'Desa , Dusun  , RT  RW', '2020-02-01', 1),
('00254', 'ANDRE', 'Desa , Dusun  , RT  RW', '2020-02-01', 1),
('00255', 'SARIAH', 'Desa , Dusun  , RT  RW', '2020-02-01', 1),
('00256', 'IYON BUNTU', 'Desa Ledoktempuro, Dusun Curahtekor , RT 1 RW 3', '2020-02-01', 1),
('00257', 'ERWIN', 'Desa , Dusun  , RT  RW', '2020-02-01', 1),
('00258', 'MAHMUDA WR', 'Desa Randuagung, Dusun Langsepan , RT 2 RW 9', '2020-02-01', 1),
('00259', 'YUMAIDAH', 'Desa Ledoktempuro, Dusun Lembenah , RT 6 RW 6', '2020-02-01', 1),
('00260', 'B.SUEB', 'Desa Randuagung, Dusun Langsepan , RT 1 RW 10', '2020-02-01', 1),
('00261', 'ENI', 'Desa , Dusun  , RT  RW', '2020-02-01', 1),
('00262', 'FABIL', 'Desa Randuagung, Dusun Langsepan , RT 1 RW 10', '2020-02-01', 1),
('00263', 'AKMAL', 'Desa Randuagung, Dusun Langsepan , RT 2 RW 10', '2020-02-01', 1),
('00264', 'SUYANTO', 'Desa , Dusun  , RT  RW', '2020-02-01', 1),
('00265', 'AHMAD DAHLAN', 'Desa Ledoktempuro, Dusun Lembenah , RT 6 RW 5', '2020-02-01', 1),
('00266', 'VATUR ROHMAN S', 'Desa , Dusun  , RT  RW', '2020-02-01', 1),
('00267', 'VIA HOLIPA', 'Desa Tunjung, Dusun Krajan , RT 1 RW 1', '2020-02-01', 1),
('00268', 'AMAT', 'Desa Ledoktempuro, Dusun Curahtekor , RT 4 RW 3', '2020-02-01', 1),
('00269', 'ANGGA PRASETYO', 'Desa , Dusun  , RT  RW', '2020-02-01', 1),
('00270', 'SUR', 'Desa Ledoktempuro, Dusun Curahtekor , RT 1 RW 3', '2020-02-01', 1),
('00271', 'P.SARTO', 'Desa Tunjung, Dusun Krajan 2 , RT  RW', '2020-02-01', 1),
('00272', 'MUH HASIM', 'Desa Randuagung, Dusun Langsepan , RT 2 RW 10', '2020-02-01', 1),
('00273', 'OLOM PKM', 'Desa Tunjung, Dusun  , RT  RW', '2020-02-01', 1),
('00274', 'BUASAN', 'Desa , Dusun  , RT  RW', '2020-02-01', 1),
('00275', 'IKA WIDIA A', 'Desa , Dusun  , RT  RW', '2020-02-01', 1),
('00276', 'BADRUS', 'Desa Randuagung, Dusun Langsepan , RT 1 RW 9', '2020-02-01', 1),
('00277', 'LETA', 'Desa , Dusun  , RT  RW', '2020-02-01', 1),
('00278', 'RINI B.DARTO', 'Desa Ledoktempuro, Dusun Curahtekor , RT 4 RW 5', '2020-02-01', 1),
('00279', 'MURNA/HERMANTO', 'Desa , Dusun  , RT  RW', '2020-02-01', 1),
('00280', 'MIARSIH 2', 'Desa , Dusun  , RT  RW', '2020-02-01', 1),
('00281', 'B.HORI 2', 'Desa Ledoktempuro, Dusun Krajan , RT 1 RW 1', '2020-02-01', 1),
('00282', 'SITI NURLAILA', 'Desa Ranuwurung, Dusun Sb.Tumpang , RT 27 RW 4', '2020-02-01', 1),
('00283', 'M DWI C', 'Desa , Dusun  , RT  RW', '2020-02-01', 1),
('00284', 'ENI KUSRINI', 'Desa Ledoktempuro, Dusun Darungan , RT 4 RW 3', '2020-02-01', 1),
('00285', 'NANANG S', 'Desa Ledoktempuro, Dusun Lembenah , RT 5 RW 5', '2020-02-01', 1),
('00286', 'ARYAMADA', 'Desa , Dusun  , RT  RW', '2020-02-01', 1),
('00287', 'ROFI', 'Desa , Dusun  , RT  RW', '2020-02-01', 1),
('00288', 'ARIF B.DARTO', 'Desa Ledoktempuro, Dusun Lembenah , RT 5 RW 5', '2020-02-01', 1),
('00289', 'ROHMAD JAYADI', 'Desa , Dusun  , RT  RW', '2020-02-01', 1),
('00290', 'DIMAS ARIF', 'Desa Ledoktempuro, Dusun Curahtekor , RT 6 RW 4', '2020-02-01', 1),
('00291', 'IKA AIR', 'Desa , Dusun  , RT  RW', '2020-02-01', 1),
('00292', 'MAHFUD G', 'Desa Tunjung, Dusun  , RT  RW', '2020-02-01', 1),
('00293', 'NATASYA KIRANA', 'Desa , Dusun  , RT  RW', '2020-02-01', 1),
('00294', 'DEBBY', 'Desa Tunjung, Dusun  , RT  RW', '2020-02-01', 1),
('00295', 'SLAMET SANTOSO', 'Desa , Dusun  , RT  RW', '2020-02-01', 1),
('00296', 'MUH TOHIR', 'Desa Tunjung, Dusun  , RT  RW', '2020-02-01', 1),
('00297', 'ITA B.DARTO', 'Desa Ledoktempuro, Dusun Lembenah , RT 5 RW 5', '2020-02-01', 1),
('00298', 'YUDI B.DARTO', 'Desa Ledoktempuro, Dusun Lembenah , RT 5 RW 5', '2020-02-01', 1),
('00299', 'ABDULLAH B.DARTO', 'Desa Ledoktempuro, Dusun Lembenah , RT 5 RW 5', '2020-02-01', 1),
('00300', 'WENING B.DARTO', 'Desa Ledoktempuro, Dusun Lembenah , RT 5 RW 5', '2020-02-01', 1),
('00301', 'MUTIA B.DARTO', 'Desa Ledoktempuro, Dusun Lembenah , RT 5 RW 5', '2020-02-01', 1),
('00302', 'SAMIDI', 'Desa Tunjung, Dusun  , RT  RW', '2020-02-01', 1),
('00303', 'KARYATI', 'Desa Randuagung, Dusun Langsepan , RT 2 RW 9', '2020-02-01', 1),
('00304', 'ARTA', 'Desa Ledoktempuro, Dusun Curahtekor , RT 6 RW 4', '2020-02-01', 1),
('00305', 'SITI AMINAH SUNI', 'Desa Ledoktempuro, Dusun  , RT  RW', '2020-02-01', 1),
('00306', 'RISKY ALVIN', 'Desa , Dusun  , RT  RW', '2020-02-01', 1),
('00307', 'HOS PKM', 'Desa , Dusun  , RT  RW', '2020-02-01', 1),
('00308', 'SAMINAH PKM', 'Desa , Dusun  , RT  RW', '2020-02-01', 1),
('00309', 'B.SUMI', 'Desa Ledoktempuro, Dusun  , RT  RW', '2020-02-01', 1),
('00310', 'NURUL Q', 'Desa , Dusun  , RT  RW', '2020-02-01', 1),
('00311', 'SENIMO EFENDI', 'Desa Ledoktempuro, Dusun  , RT  RW', '2020-02-01', 1),
('00312', 'WIWID EFENDI', 'Desa , Dusun  , RT  RW', '2020-02-01', 1),
('00313', 'SUNARTO', 'Desa Gedangmas, Dusun  , RT  RW', '2020-02-01', 1),
('00314', 'INSIYAH', 'Desa Ledoktempuro, Dusun  , RT  RW', '2020-02-01', 1),
('00315', 'MITA', 'Desa Ledoktempuro, Dusun Curahtekor , RT 2 RW 3', '2020-02-01', 1),
('00316', 'EDI KAYU SANTOSO', 'Desa , Dusun  , RT  RW', '2020-02-01', 1),
('00317', 'FEROS', 'Desa Ledoktempuro, Dusun Curahtekor , RT 1 RW 3', '2020-02-01', 1),
('00318', 'JAMILATUL H', 'Desa Ledoktempuro, Dusun Curahtekor , RT 6 RW 4', '2020-02-01', 1),
('00319', 'HERI SUSANTO', 'Desa , Dusun  , RT  RW', '2020-02-01', 1),
('00320', 'HAIKAL', 'Desa Ledoktempuro, Dusun Lembenah , RT 5 RW 5', '2020-02-01', 1),
('00321', 'RIKA LDK', 'Desa Ledoktempuro, Dusun Curahtekor , RT 6 RW 4', '2020-02-01', 1),
('00322', 'ASKA', 'Desa Ledoktempuro, Dusun  , RT  RW', '2020-02-01', 1),
('00323', 'NUR HAYATI', 'Desa , Dusun  , RT  RW', '2020-02-01', 1),
('00324', 'DEWI PAKISAN', 'Desa Tunjung, Dusun  , RT  RW', '2020-02-01', 1),
('00325', 'ALIA', 'Desa Randuagung, Dusun Langsepan , RT 2 RW 10', '2020-02-01', 1),
('00326', 'DIAH ARISANDI', 'Desa Ledoktempuro, Dusun Curahtekor , RT  RW', '2020-02-01', 1),
('00327', 'HUDA', 'Desa Randuagung, Dusun Krajan , RT 1 RW 11', '2020-02-01', 1),
('00328', 'ANDRE', 'Desa Randuagung, Dusun Langsepan , RT 2 RW 10', '2020-02-01', 1),
('00329', 'MISNAM', 'Desa Ledoktempuro, Dusun Curahtekor , RT 5 RW 4', '2020-02-01', 1),
('00330', 'HOTIJA T', 'Desa Tunjung, Dusun  , RT  RW', '2020-02-01', 1),
('00331', 'SUGIATI KONTER', 'Desa Ledoktempuro, Dusun Lembenah , RT 5 RW 5', '2020-02-01', 1),
('00332', 'YOGA SATRIA', 'Desa Ledok Tempuro, Dusun  , RT  RW', '2020-02-01', 1),
('00333', 'H.DARMAN', 'Desa Randuagung, Dusun Langsepan , RT 2 RW 10', '2020-02-01', 1),
('00334', 'RUFI AMALIA', 'Desa Ledoktempuro, Dusun Curahtekor , RT 3 RW 3', '2020-02-01', 1),
('00335', 'IMAM CUCI', 'Desa Randuagung, Dusun Krajan , RT 1 RW 11', '2020-02-01', 1),
('00336', 'B.SUTRIS', 'Desa Randuagung, Dusun Langsepan , RT 2 RW 10', '2020-02-01', 1),
('00337', 'YUDIANTO', 'Desa Ledoktempuro, Dusun Curahtekor , RT 3 RW 4', '2020-02-01', 1),
('00338', 'PIHA', 'Desa Buwek, Dusun  , RT  RW', '2020-02-01', 1),
('00339', 'ONEDA N.A', 'Desa Ledoktempuro, Dusun Lembenah , RT 6 RW 4', '2020-02-01', 1),
('00340', 'YU SRI', 'Desa Randuagung, Dusun Langsepan , RT 2 RW 10', '2020-02-01', 1),
('00341', 'FATONI T', 'Desa Tunjung, Dusun  , RT  RW', '2020-02-01', 1),
('00342', 'HASANAH', 'Desa Randuagung, Dusun Langsepan , RT 2 RW 10', '2020-02-01', 1),
('00343', 'SUTILAH', 'Desa Ranuwurung, Dusun  , RT  RW', '2020-02-01', 1),
('00344', 'BAITI HIAR', 'Desa Kalipenggung, Dusun Kencongan , RT  RW', '2020-02-01', 1),
('00345', 'RIYAN', 'Desa Randuagung, Dusun Langsepan , RT 2 RW 10', '2020-02-01', 1),
('00346', 'MUR JAMU', 'Desa Ledoktempuro, Dusun Curahtekor , RT 6 RW 4', '2020-02-01', 1),
('00347', 'DERA', 'Desa Randuagung, Dusun Langsepan , RT 2 RW 10', '2020-02-01', 1),
('00348', 'TATIK SUTRIS', 'Desa Kalipenggung, Dusun  , RT  RW', '2020-02-01', 1),
('00349', 'ARIFIN', 'Desa Ranuwurung, Dusun  , RT  RW', '2020-02-01', 1),
('00350', 'KP.MUR (RKM)', 'Desa Ranuwurung, Dusun Sb.Tumpang , RT 31 RW 4', '2020-02-01', 1),
('00351', 'MUJI HARIONO', 'Desa Jatiroto, Dusun  , RT  RW', '2020-02-01', 1),
('00352', 'WARSI', 'Desa Tunjung, Dusun  , RT  RW', '2020-02-01', 1),
('00353', 'ERLIS', 'Desa Ledoktempuro, Dusun Lembenah , RT 5 RW 5', '2020-02-01', 1),
('00354', 'DIAH NADA', 'Desa Ledoktempuro, Dusun Krajan , RT 3 RW 1', '2020-02-01', 1),
('00355', 'NUR HAYATI', 'Desa Ledoktempuro, Dusun  , RT  RW', '2020-02-01', 1),
('00356', 'ATOK', 'Desa Randuagung, Dusun Langsepan , RT  RW', '2020-02-01', 1),
('00357', 'SUPARDIANTO', 'Desa Kalipenggung, Dusun  , RT  RW', '2020-02-01', 1),
('00358', 'DEALOVA', 'Desa Ledoktempuro, Dusun Curahtekor , RT 5 RW 4', '2020-02-01', 1),
('00359', 'M.HASAN', 'Desa Ledoktempuro, Dusun Lembenah , RT 4 RW 5', '2020-02-01', 1),
('00360', 'TRI KURNIA AGUNG', 'Desa Randuagung, Dusun  , RT  RW', '2020-02-01', 1),
('00361', 'EKO', 'Desa Randuagung, Dusun  , RT  RW', '2020-02-01', 1),
('00362', 'PUTRI LUBIS', 'Desa Ledoktempuro, Dusun Krajan , RT 3 RW 1', '2020-02-01', 1),
('00363', 'FAJAR MOTOR', 'Desa Ranuwurung, Dusun Sb.Tumpang , RT 31 RW 4', '2020-02-01', 1),
('00364', 'MISTO', 'Desa Buwek, Dusun  , RT  RW', '2020-02-01', 1),
('00365', 'PUTRI', 'Desa Ledoktempuro, Dusun  , RT  RW', '2020-02-01', 1),
('00366', 'BARI', 'Desa Gedangmas, Dusun  , RT  RW', '2020-02-01', 1),
('00367', 'DEVI', 'Desa Ledoktempuro, Dusun  , RT  RW', '2020-02-01', 1),
('00368', 'ULFIANA', 'Desa Ledoktempuro, Dusun  , RT  RW', '2020-02-01', 1),
('00369', 'HOMSIAH', 'Desa Ranuwurung, Dusun Elosan , RT 10 RW 15', '2020-02-01', 1),
('00370', 'NARMI', 'Desa Randuagung, Dusun Krajan , RT 2 RW 11', '2020-02-01', 1),
('00371', 'FERLITA', 'Desa Ledoktempuro, Dusun  , RT  RW', '2020-02-01', 1),
('00372', 'P.HADIR', 'Desa Ledoktempuro, Dusun  , RT  RW', '2020-02-01', 1),
('00373', 'B.NUR ASMADI', 'Desa Ranulogong, Dusun Tempuran , RT 26 RW 6', '2020-02-01', 1),
('00374', 'SIAMI', 'Desa Tunjung, Dusun  , RT  RW', '2020-02-01', 1),
('00375', 'RIZAL', 'Desa Tunjung, Dusun  , RT  RW', '2020-02-01', 1),
('00376', 'FATMA WARNET', 'Desa Tunjung, Dusun  , RT  RW', '2020-02-01', 1),
('00377', 'HAVIT PUJI', 'Desa Ledoktempuro, Dusun Curahtekor , RT 6 RW 4', '2020-02-01', 1),
('00378', 'YOGI LDK', 'Desa Ledoktempuro, Dusun Lembenah , RT 5 RW 5', '2020-02-01', 1),
('00379', 'IAN', 'Desa Randuagung, Dusun Langsepan , RT 2 RW 10', '2020-02-01', 1),
('00380', 'RAHMAD CAHYO', 'Desa Ledoktempuro, Dusun Curahtekor , RT 6 RW 4', '2020-02-01', 1),
('00381', 'RISKI KUS', 'Desa Ledoktempuro, Dusun Curahtekor , RT 2 RW 3', '2020-02-01', 1),
('00382', 'B.DARTO', 'Desa Ledoktempuro, Dusun Lembenah , RT 5 RW 5', '2020-02-01', 1),
('00383', 'MARWAN', 'Desa Randuagung, Dusun Langsepan , RT 9 RW 10', '2020-02-01', 1),
('00384', 'TOMI', 'Desa Randuagung, Dusun Langsepan , RT 9 RW 10', '2020-02-01', 1),
('00385', 'SITI NUR H', 'Desa , Dusun  , RT  RW', '2020-02-01', 1),
('00386', 'HUSNUL', 'Desa , Dusun  , RT  RW', '2020-02-01', 1),
('00387', 'ICA', 'Desa , Dusun  , RT  RW', '2020-02-01', 1),
('00388', 'SUHADAK', 'Desa Randuagung, Dusun Langsepan , RT 1 RW 10', '2020-02-01', 1),
('00389', 'KRISNA', 'Desa Tunjung, Dusun  , RT  RW', '2020-02-01', 1),
('00390', 'MINA', 'Desa Tunjung, Dusun  , RT  RW', '2020-02-01', 1),
('00391', 'B.SUMI/TIKA', 'Desa Ledoktempuro, Dusun  , RT  RW', '2020-02-01', 1),
('00392', 'BEBUN', 'Desa Randuagung, Dusun Krajan , RT 1 RW 2', '2020-02-01', 1),
('00393', 'DENDIK P', 'Desa Ledoktempuro, Dusun Lembenah , RT  RW', '2020-02-01', 1),
('00394', 'FAISOL', 'Desa Randuagung, Dusun Langsepan , RT 2 RW 10', '2020-02-01', 1),
('00395', 'SUNARTI SJK', 'Desa Ranuwurung, Dusun  , RT  RW', '2020-02-01', 1),
('00396', 'FERADRI', 'Desa Ledoktempuro, Dusun  , RT  RW', '2020-02-01', 1),
('00397', 'P.SITO', 'Desa Ledoktempuro, Dusun Curahtekor , RT 1 RW 3', '2020-02-01', 1),
('00398', 'B.DARMO', 'Desa Ledoktempuro, Dusun  , RT  RW', '2020-02-01', 1),
('00399', 'ADINTA', 'Desa Ledoktempuro, Dusun Lembenah , RT 5 RW 5', '2020-02-01', 1),
('00400', 'LINDA', 'Desa , Dusun  , RT  RW', '2020-02-01', 1),
('00401', 'JUMI', 'Desa Tunjung, Dusun  , RT  RW', '2020-02-01', 1),
('00402', 'AISAH CELL', 'Desa Randuagung, Dusun Klompangan , RT 15 RW 10', '2020-02-01', 1),
('00403', 'AZKA', 'Desa Ledoktempuro, Dusun Lembenah , RT 5 RW 5', '2020-02-01', 1),
('00404', 'JAYA ABADI', 'Desa Ledoktempuro, Dusun Curahtekor , RT 9 RW 4', '2020-02-01', 1),
('00405', 'SEPTA/SAMAD', 'Desa Ranuwurung, Dusun Sb.Tumpang , RT 31 RW 4', '2020-02-01', 1),
('00406', 'SUGIONO', 'Desa Ledoktempuro, Dusun  , RT  RW', '2020-02-01', 1),
('00407', 'KIWARI GAFAN', 'Desa Kudus, Dusun  , RT  RW', '2020-02-01', 1),
('00408', 'ABDI HASBULLAH', 'Desa , Dusun  , RT  RW', '2020-02-01', 1),
('00409', 'MANDIRI JAYA', 'Desa Randuagung, Dusun Langsepan , RT 2 RW 10', '2020-02-01', 1),
('00410', 'MUSRIFAH / ARMI', 'Desa , Dusun  , RT  RW', '2020-02-01', 1),
('00411', 'P.KASTO', 'Desa Ledoktempuro, Dusun Darungan , RT 9 RW 8', '2020-02-01', 1),
('00412', 'MTS MUH', 'Desa Ledoktempuro, Dusun  , RT  RW', '2020-02-01', 1),
('00413', 'RIFKI', 'Desa Randuagung, Dusun Elosan , RT 15 RW 10', '2020-02-01', 1),
('00414', 'AMIN', 'Desa Ledoktempuro, Dusun Lembenah , RT  RW', '2020-02-01', 1),
('00415', 'HOLEL', 'Desa Ledoktempuro, Dusun Lembenah , RT  RW', '2020-02-01', 1),
('00416', 'FITRIA', 'Desa Ledoktempuro, Dusun Langsepan , RT 2 RW 10', '2020-02-01', 1),
('00417', 'ERNI', 'Desa Randuagung, Dusun Langsepan , RT 2 RW 10', '2020-02-01', 1),
('00418', 'TITA', 'Desa Randuagung, Dusun Elosan , RT 2 RW 15', '2020-02-01', 1),
('00419', 'ERDIN', 'Desa Randuagung, Dusun Elosan , RT 2 RW 15', '2020-02-01', 1),
('00420', 'SUCI', 'Desa Randuagung, Dusun Elosan , RT 2 RW 15', '2020-02-01', 1),
('00421', 'HARTINI', 'Desa Randuagung, Dusun Elosan , RT 2 RW 15', '2020-02-01', 1),
('00422', 'SITI MAISAROH', 'Desa Randuagung, Dusun Elosan , RT 2 RW 15', '2020-02-01', 1),
('00423', 'ALI', 'Desa Randuagung, Dusun Elosan , RT 2 RW 15', '2020-02-01', 1),
('00424', 'ARINDA', 'Desa Randuagung, Dusun Elosan , RT 2 RW 15', '2020-02-01', 1),
('00425', 'PURNAMI', 'Desa Gedangmas, Dusun Krajan , RT 3 RW 7', '2020-02-01', 1),
('00426', 'FIKO', 'Desa Randuagung, Dusun Langsepan , RT 2 RW 10', '2020-02-01', 1),
('00427', 'RETNO', 'Desa Randuagung, Dusun Elosan , RT 2 RW 15', '2020-02-01', 1),
('00428', 'YOGA', 'Desa Randuagung, Dusun Langsepan , RT 2 RW 10', '2020-02-01', 1),
('00429', 'HOSNI', 'Desa Randuagung, Dusun Langsepan , RT 1 RW 9', '2020-02-01', 1),
('00430', 'YUYUN', 'Desa Randuagung, Dusun Langsepan , RT 2 RW 10', '2020-02-01', 1),
('00431', 'IVAN', 'Desa Randuagung, Dusun Krajan , RT 15 RW 10', '2020-02-01', 1),
('00432', 'MELINDA', 'Desa Randuagung, Dusun Elosan , RT 2 RW 15', '2020-02-01', 1),
('00433', 'ISKAR DIANA', 'Desa Randuagung, Dusun Elosan , RT 2 RW 15', '2020-02-01', 1),
('00434', 'HUDHORI', 'Desa Randuagung, Dusun Langsepan , RT 2 RW 10', '2020-02-01', 1),
('00435', 'RIO', 'Desa Randuagung, Dusun Langsepan , RT 2 RW 10', '2020-02-01', 1),
('00436', 'SHINTA', 'Desa Randuagung, Dusun Krajan , RT 1 RW 2', '2020-02-01', 1),
('00437', 'AINI', 'Desa , Dusun  , RT  RW', '2020-02-01', 1),
('00438', 'NANIK', 'Desa Randuagung, Dusun Langsepan , RT 2 RW 10', '2020-02-01', 1),
('00439', 'B.ITIK', 'Desa Gedangmas, Dusun Krajan , RT 3 RW 7', '2020-02-01', 1),
('00440', 'B.AMINA', 'Desa Gedangmas, Dusun Krajan , RT 3 RW 7', '2020-02-01', 1),
('00441', 'BA\'IM', 'Desa Tunjung, Dusun  , RT  RW', '2020-02-01', 1),
('00442', 'RISKI', 'Desa Tunjung, Dusun  , RT  RW', '2020-02-01', 1),
('00443', 'RISKUNA', 'Desa Gedangmas, Dusun Krajan , RT 3 RW 7', '2020-02-01', 1),
('00444', 'NOVI', 'Desa Randuagung, Dusun Langsepan , RT 2 RW 10', '2020-02-01', 1),
('00445', 'DIAH', 'Desa Randuagung, Dusun Elosan , RT 2 RW 15', '2020-02-01', 1),
('00446', 'P.MURI', 'Desa Randuagung, Dusun Langsepan , RT 2 RW 10', '2020-02-01', 1),
('00447', 'DAVI', 'Desa Ranulogong, Dusun Krajan , RT 4 RW 6', '2020-02-01', 1),
('00448', 'P.MUJI', 'Desa Randuagung, Dusun Langsepan , RT 2 RW 10', '2020-02-01', 1),
('00449', 'SAIFUL RIZAL', 'Desa Ranuwurung, Dusun Sb.Tumpang , RT 27 RW 4', '2020-02-01', 1),
('00450', 'ROHMAN', 'Desa Randuagung, Dusun Langsepan , RT 2 RW 9', '2020-02-01', 1),
('00451', 'MASJID MTS MUH', 'Desa Ledoktempuro, Dusun  , RT  RW', '2020-02-01', 1),
('00452', 'INGGRI', 'Desa , Dusun  , RT  RW', '2020-02-01', 1),
('00453', 'NIKE S', 'Desa Randuagung, Dusun Langsepan , RT 1 RW 10', '2020-02-01', 1),
('00454', 'TITIS', 'Desa Randuagung, Dusun Elosan , RT 2 RW 15', '2020-02-01', 1),
('00455', 'RISKA', 'Desa Tunjung, Dusun  , RT  RW', '2020-02-01', 1),
('00456', 'AGUS PABRIK', 'Desa Ledoktempuro, Dusun Curahtekor , RT 3 RW 4', '2020-02-01', 1),
('00457', 'BUSARI WAKAF', 'Desa Ledoktempuro, Dusun Curahtekor , RT  RW', '2020-02-01', 1),
('00458', 'KARYAWAN MADANI', 'Desa Ledoktempuro, Dusun  , RT  RW', '2020-02-01', 1),
('00459', 'WIDI', 'Desa Gedangmas, Dusun Krajan , RT 3 RW 7', '2020-02-01', 1),
('00460', 'RIDHO', 'Desa Randuagung, Dusun Krajan , RT 2 RW 11', '2020-02-01', 1),
('00461', 'TIA DESI', 'Desa Ledoktempuro, Dusun Krajan , RT  RW', '2020-02-01', 1),
('00462', 'PKH', 'Desa , Dusun  , RT  RW', '2020-02-01', 1),
('00463', 'ROBBY', 'Desa Ledoktempuro, Dusun Curahtekor , RT 4 RW 3', '2020-02-01', 1),
('00464', 'KAS OSIS', 'Desa , Dusun  , RT  RW', '2020-02-01', 1),
('00465', 'SATIK', 'Desa Tunjung, Dusun  , RT  RW', '2020-02-01', 1),
('00466', 'EVA MUSRIFA', 'Desa Gedangmas, Dusun  , RT  RW', '2020-02-01', 1),
('00467', 'NUGI', 'Desa Randuagung, Dusun Langsepan , RT 2 RW 10', '2020-02-01', 1),
('00468', 'GILANG', 'Desa Randuagung, Dusun Langsepan , RT 2 RW 10', '2020-02-01', 1),
('00469', 'M RIQZA', 'Desa , Dusun  , RT  RW', '2020-02-01', 1),
('00470', 'TALITA', 'Desa Randuagung, Dusun Elosan , RT 2 RW 15', '2020-02-01', 1),
('00471', 'P.HATEB', 'Desa Randuagung, Dusun Krajan , RT 1 RW 2', '2020-02-01', 1),
('00472', 'ZAKIA', 'Desa Tunjung, Dusun  , RT  RW', '2020-02-01', 1),
('00473', 'JUMA\'I', 'Desa Randuagung, Dusun Elosan , RT 2 RW 15', '2020-02-01', 1),
('00474', 'P.HASAN', 'Desa Randuagung, Dusun Elosan , RT 2 RW 15', '2020-02-01', 1),
('00475', 'ENI', 'Desa Kalipenggung, Dusun Krajan , RT  RW', '2020-02-01', 1),
('00476', 'KENSA', 'Desa Tunjung, Dusun  , RT  RW', '2020-02-01', 1),
('00477', 'VIE UPT', 'Desa Ledoktempuro, Dusun Curahtekor , RT 3 RW 4', '2020-02-01', 1),
('00478', 'SYAMSUL B/TNH KAP', 'Desa Ledoktempuro, Dusun Persil , RT  RW', '2020-02-01', 1),
('00479', 'ATUS', 'Desa Randuagung, Dusun Krajan , RT 1 RW 2', '2020-02-01', 1),
('00480', 'ARIF', 'Desa Randuagung, Dusun Krajan , RT 1 RW 2', '2020-02-01', 1),
('00481', 'SUHAB', 'Desa Tunjung, Dusun  , RT  RW', '2020-02-01', 1),
('00482', 'FARUQ', 'Desa Ranuwurung, Dusun Sb.Tumpang , RT 27 RW 4', '2020-02-01', 1),
('00483', 'SAMSA', 'Desa Randuagung, Dusun Elosan , RT 2 RW 15', '2020-02-01', 1),
('00484', 'ROMI RAMADHANI', 'Desa Ledoktempuro, Dusun Kamaran , RT  RW', '2020-02-01', 1),
('00485', 'ARIS', 'Desa Randuagung, Dusun Langsepan , RT 2 RW 10', '2020-02-01', 1),
('00486', 'FARJANA', 'Desa Randuagung, Dusun Elosan , RT 2 RW 15', '2020-02-01', 1),
('00487', 'TILAS', 'Desa Ranuwurung, Dusun Sb.Tumpang , RT 27 RW 4', '2020-02-01', 1),
('00488', 'ALFIN', 'Desa Randuagung, Dusun Langsepan , RT 1 RW 10', '2020-02-01', 1),
('00489', 'PECEL', 'Desa Randuagung, Dusun Elosan , RT 2 RW 15', '2020-02-01', 1),
('00490', 'HARTATIK SJK', 'Desa Kalipenggung, Dusun Krajan , RT 3 RW 1', '2020-02-01', 1),
('00491', 'FIRDA', 'Desa Ledoktempuro, Dusun Krajan , RT 3 RW 1', '2020-02-01', 1),
('00492', 'JUSTIN', 'Desa Randuagung, Dusun Langsepan , RT 1 RW 10', '2020-02-01', 1),
('00493', 'TRIUS ARBAIN', 'Desa Randuagung, Dusun Langsepan , RT  RW', '2020-02-01', 1),
('00494', 'HARIYANTO', 'Desa Randuagung, Dusun Elosan , RT 2 RW 15', '2020-02-01', 1),
('00495', 'FAUZI AKP', 'Desa Tunjung, Dusun Lalangan , RT  RW', '2020-02-01', 1),
('00496', 'HALIMA WIWIK', 'Desa Ledoktempuro, Dusun  , RT  RW', '2020-02-01', 1),
('00497', 'SRI WAHYUNI', 'Desa Ledoktempuro, Dusun  , RT  RW', '2020-02-01', 1),
('00498', 'ANIK', 'Desa Randuagung, Dusun Elosan , RT 2 RW 15', '2020-02-01', 1),
('00499', 'LILIK', 'Desa Randuagung, Dusun Langsepan , RT 2 RW 10', '2020-02-01', 1),
('00500', 'HOMSATUN', 'Desa Randuagung, Dusun Krajan , RT 1 RW 2', '2020-02-01', 1),
('00501', 'MUSAROFA', 'Desa Randuagung, Dusun Krajan , RT 1 RW 2', '2020-02-01', 1),
('00502', 'SIGIT', 'Desa Randuagung, Dusun Elosan , RT 2 RW 15', '2020-02-01', 1),
('00503', 'SAMAD', 'Desa Randuagung, Dusun Langsepan , RT 2 RW 10', '2020-02-01', 1),
('00504', 'NOVAL', 'Desa Randuagung, Dusun Krajan , RT 1 RW 2', '2020-02-01', 1),
('00505', 'TIHAM', 'Desa Ledoktempuro, Dusun Curahtekor , RT 6 RW 4', '2020-02-01', 1),
('00506', 'SULIMA', 'Desa Ledoktempuro, Dusun Curahtekor , RT 5 RW 4', '2020-02-01', 1),
('00507', 'B. MARSI', 'Desa Randuagung, Dusun Langsepan , RT 2 RW 10', '2020-02-01', 1),
('00508', 'MARIA', 'Desa Randuagung, Dusun Langsepan , RT 2 RW 10', '2020-02-01', 1),
('00509', 'ADAM', 'Desa Randuagung, Dusun Langsepan , RT 2 RW 10', '2020-02-01', 1),
('00510', 'ANIS', 'Desa Randuagung, Dusun Krajan , RT 1 RW 2', '2020-02-01', 1),
('00511', 'UMIHAYATI', 'Desa , Dusun  , RT  RW', '2020-02-01', 1),
('00512', 'KIFLIA', 'Desa Randuagung, Dusun Krajan , RT 1 RW 2', '2020-02-01', 1),
('00513', 'LINDA DEWI', 'Desa Ledoktempuro, Dusun Lembenah , RT 4 RW 5', '2020-02-01', 1),
('00514', 'B. NUR SUPI', 'Desa Ledoktempuro, Dusun Lembenah , RT 4 RW 5', '2020-02-01', 1),
('00515', 'RIZKA', 'Desa Ledoktempuro, Dusun Lembenah , RT 3 RW 5', '2020-02-01', 1),
('00516', 'ABASTIAN', 'Desa Ledoktempuro, Dusun Krajan , RT 2 RW 1', '2020-02-01', 1),
('00517', 'EMI FALEN', 'Desa Tunjung, Dusun  , RT  RW', '2020-02-01', 1),
('00518', 'SAVIF', 'Desa Gedangmas, Dusun  , RT  RW', '2020-02-01', 1),
('00519', 'TURI', 'Desa Randuagung, Dusun Klompangan , RT 2 RW 12', '2020-02-01', 1),
('00520', 'ANI', 'Desa Ledoktempuro, Dusun  , RT  RW', '2020-02-01', 1),
('00521', 'MUNASIP SUHADI', 'Desa Ledoktempuro, Dusun Curahtekor , RT 3 RW 4', '2020-02-01', 1),
('00522', 'IDUL FITRI', 'Desa Ledoktempuro, Dusun Lembenah , RT 7 RW 6', '2020-02-01', 1),
('00523', 'ILHAM', 'Desa Randuagung, Dusun Langsepan , RT 2 RW 10', '2020-02-01', 1),
('00524', 'MURNI', 'Desa Randuagung, Dusun Elosan , RT 2 RW 15', '2020-02-01', 1),
('00525', 'ERWIN', 'Desa Tunjung, Dusun  , RT  RW', '2020-02-01', 1),
('00526', 'ANTONIO', 'Desa Ledoktempuro, Dusun Curahtekor , RT 5 RW 4', '2020-02-01', 1),
('00527', 'ULIL ALBAB', 'Desa Randuagung, Dusun Krajan , RT 1 RW 2', '2020-02-01', 1),
('00528', 'B.DARMI', 'Desa Randuagung, Dusun Elosan , RT 2 RW 14', '2020-02-01', 1),
('00529', 'REVA NURHALIZAH', 'Desa Ledoktempuro, Dusun Krajan , RT 3 RW 1', '2020-02-01', 1),
('00530', 'MELISA', 'Desa Ledoktempuro, Dusun  , RT 1 RW 8', '2020-02-01', 1),
('00531', 'SUNA JUWITASARI 2', 'Desa Kalipenggung, Dusun Kalijeruk , RT 12 RW 3', '2020-02-01', 1),
('00532', 'HOLIP', 'Desa Ledoktempuro, Dusun Curahtekor , RT 6 RW 4', '2020-02-01', 1),
('00533', 'ASISAH', 'Desa Randuagung, Dusun Langsepan , RT 2 RW 9', '2020-02-01', 1),
('00534', 'RIJIQ', 'Desa Randuagung, Dusun Langsepan , RT 1 RW 9', '2020-02-01', 1),
('00535', 'MUHAMMAD ROMI', 'Desa Ledoktempuro, Dusun  , RT 6 RW 9', '2020-02-01', 1),
('00536', 'MIM KELAS VI adi', 'Desa Ledoktempuro, Dusun  , RT 9 RW 6', '2020-02-01', 1),
('00537', 'TITIN', 'Desa Ranuwurung, Dusun  , RT  RW', '2020-02-01', 1),
('00538', 'EMA', 'Desa Ranuwurung, Dusun  , RT  RW', '2020-02-01', 1),
('00539', 'HERMIN A', 'Desa Ledoktempuro, Dusun Krajan , RT 4 RW 1', '2020-02-01', 1),
('00540', 'MIFTA W', 'Desa Ledoktempuro, Dusun Lembenah , RT 6 RW 7', '2020-02-01', 1),
('00541', 'GHUFRON ALI W', 'Desa Ledoktempuro, Dusun  , RT 8 RW 6', '2020-02-01', 1),
('00542', 'MAISAROH', 'Desa Ledoktempuro, Dusun  , RT 2 RW 7', '2020-02-01', 1),
('00543', 'ISMA', 'Desa Ledoktempuro, Dusun Curahtekor , RT 6 RW 4', '2020-02-01', 1),
('00544', 'USWATUN HASANAH', 'Desa Buwek, Dusun  , RT  RW', '2020-02-01', 1),
('00545', 'VINATUS', 'Desa Ledoktempuro, Dusun Darungan , RT  RW', '2020-02-01', 1),
('00546', 'AAT NANUGROHO', 'Desa Ranuwurung, Dusun Sb.Tumpang , RT 27 RW 4', '2020-02-01', 1),
('00547', 'BILAH', 'Desa Kalidilem, Dusun Paleran , RT  RW', '2020-02-01', 1),
('00548', 'BISMA JULIAN PRATAM', 'Desa Ranuwurung, Dusun Sb.Tumpang , RT 27 RW 4', '2020-02-01', 1),
('00549', 'FIRMAN HANSAH', 'Desa Buwek, Dusun  , RT  RW', '2020-02-01', 1),
('00550', 'FATHUR ROSI', 'Desa Ledoktempuro, Dusun Krajan , RT 4 RW 1', '2020-02-01', 1),
('00551', 'PRAYIT', 'Desa Ledoktempuro, Dusun Curahtekor , RT 5 RW 4', '2020-02-01', 1),
('00552', 'OCIP', 'Desa Randuagung, Dusun Langsepan , RT 2 RW 8', '2020-02-01', 1),
('00553', 'PANDAN RIDHO', 'Desa Ledoktempuro, Dusun Krajan , RT 3 RW 1', '2020-02-01', 1),
('00554', 'RINDIANI', 'Desa Ledoktempuro, Dusun  , RT  RW', '2020-02-01', 1),
('00555', 'ISA', 'Desa Randuagung, Dusun Klompangan , RT 2 RW 12', '2020-02-01', 1),
('00556', 'SITA', 'Desa Randuagung, Dusun Elosan , RT 2 RW 15', '2020-02-01', 1),
('00557', 'AFIFAH RAHMAWATI', 'Desa Ledoktempuro, Dusun  , RT  RW', '2020-02-01', 1),
('00558', 'WILDAN HAFID M', 'Desa Ledoktempuro, Dusun Lembenah , RT 2 RW 6', '2020-02-01', 1),
('00559', 'SDN TUNJUNG 01/SULAMI', 'Desa Tunjung, Dusun  , RT  RW', '2020-02-01', 1),
('00560', 'ROFIQ', 'Desa Randuagung, Dusun Langsepan , RT 1 RW 9', '2020-02-01', 1),
('00561', 'ANDRINA R', 'Desa Ledoktempuro, Dusun Curahtekor , RT 9 RW 4', '2020-02-01', 1),
('00562', 'FIKI', 'Desa Randuagung, Dusun Langsepan , RT 2 RW 10', '2020-02-01', 1),
('00563', 'KHOLIFATULLAH', 'Desa Ledoktempuro, Dusun Curahtekor , RT 6 RW 4', '2020-02-01', 1),
('00564', 'FATMA PSR', 'Desa Tunjung, Dusun  , RT  RW', '2020-02-01', 1),
('00565', 'EKI', 'Desa Randuagung, Dusun Elosan , RT 2 RW 14', '2020-02-01', 1),
('00566', 'PERTIWI', 'Desa Randuagung, Dusun Langsepan , RT 2 RW 10', '2020-02-01', 1),
('00567', 'DWI MARTININGSIH', 'Desa , Dusun  , RT  RW', '2020-02-01', 1),
('00568', 'REVA N 2', 'Desa , Dusun  , RT  RW', '2020-02-01', 1),
('00569', 'NOVI', 'Desa Tunjung, Dusun  , RT  RW', '2020-02-01', 1),
('00570', 'NAWAR', 'Desa Ledoktempuro, Dusun Curahtekor , RT 2 RW 3', '2020-02-01', 1),
('00571', 'RIZAL', 'Desa Randuagung, Dusun Langsepan , RT 1 RW 10', '2020-02-01', 1),
('00572', 'TRIMAS', 'Desa Randuagung, Dusun Langsepan , RT 2 RW 10', '2020-02-01', 1),
('00573', 'NUR AINI W', 'Desa , Dusun  , RT  RW', '2020-02-01', 1),
('00574', 'SAYUMI', 'Desa Randuagung, Dusun Krajan , RT 2 RW 11', '2020-02-01', 1),
('00575', 'YUBI', 'Desa Ledoktempuro, Dusun  , RT  RW', '2020-02-01', 1),
('00576', 'AMI', 'Desa Tunjung, Dusun  , RT  RW', '2020-02-01', 1),
('00577', 'ELISA', 'Desa Ledoktempuro, Dusun Darungan , RT 7 RW 8', '2020-02-01', 1),
('00578', 'QURBAN MIM BUWEK', 'Desa Ledoktempuro, Dusun  , RT  RW', '2020-02-01', 1),
('00579', 'NUR ROHMA', 'Desa Randuagung, Dusun Langsepan , RT 1 RW 9', '2020-02-01', 1),
('00580', 'NANDA', 'Desa , Dusun  , RT  RW', '2020-02-01', 1),
('00581', 'ESKAR', 'Desa Ledoktempuro, Dusun Lembenah , RT 2 RW 6', '2020-02-01', 1),
('00582', 'ABDUL WAFI', 'Desa Ranulogong, Dusun  , RT 14 RW 9', '2020-02-01', 1),
('00583', 'SARUP HARIONO', 'Desa Randuagung, Dusun Krajan , RT 2 RW 7', '2020-02-01', 1),
('00584', 'DINASTI', 'Desa Ledoktempuro, Dusun Darungan , RT  RW', '2020-02-01', 1),
('00585', 'FAHIRA', 'Desa Ledoktempuro, Dusun Curahtekor , RT 3 RW 4', '2020-02-01', 1),
('00586', 'ASAN', 'Desa Ledoktempuro, Dusun Curahtekor , RT 5 RW 4', '2020-02-01', 1),
('00587', 'MUHAMAD RIQZA', 'Desa Ledoktempuro, Dusun Krajan , RT 3 RW 2', '2020-02-01', 1),
('00588', 'USWATUN', 'Desa Tunjung, Dusun  , RT  RW', '2020-02-01', 1),
('00589', 'VIA LDK', 'Desa Ledoktempuro, Dusun Curahtekor , RT 5 RW 4', '2020-02-01', 1),
('00590', 'KARTINI', 'Desa Tunjung, Dusun  , RT  RW', '2020-02-01', 1),
('00591', 'MUFARROHA', 'Desa Kalipenggung, Dusun  , RT  RW', '2020-02-01', 1),
('00592', 'AMINATUSZAHRO', 'Desa Ledoktempuro, Dusun Lembenah , RT 2 RW 6', '2020-02-01', 1),
('00593', 'FUDI', 'Desa Ledoktempuro, Dusun Curahtekor , RT 5 RW 4', '2020-02-01', 1),
('00594', 'DWI ISWAHYUNI', 'Desa Ledoktempuro, Dusun Lembenah , RT 3 RW 5', '2020-02-01', 1),
('00595', 'IRNAWATI', 'Desa Ledoktempuro, Dusun Langsepan , RT 2 RW 8', '2020-02-01', 1),
('00596', 'SUDARTO', 'Desa Ledoktempuro, Dusun Lembenah , RT 4 RW 5', '2020-02-01', 1),
('00597', 'ERFAN RIFDIANTO', 'Desa Ledoktempuro, Dusun Krajan , RT 3 RW 1', '2020-02-01', 1),
('00598', 'BEBUN PABRIK', 'Desa Ledoktempuro, Dusun Curahtekor , RT 6 RW 4', '2020-02-01', 1),
('00599', 'MARSA', 'Desa Ledoktempuro, Dusun Curahtekor , RT 6 RW 4', '2020-02-01', 1),
('00600', 'AMANDA', 'Desa Ledoktempuro, Dusun Lembenah , RT 3 RW 5', '2020-02-01', 1),
('00601', 'NIZAR AFFANDY', 'Desa Ledoktempuro, Dusun Krajan , RT 4 RW 1', '2020-02-01', 1),
('00602', 'IVA', 'Desa Randuagung, Dusun Elosan , RT 10 RW 15', '2020-02-01', 1),
('00603', 'LAZIZMU', 'Desa Ledoktempuro, Dusun Lembenah , RT 6 RW 6', '2020-02-01', 1),
('00604', 'MUSTOFA', 'Desa Randuagung, Dusun Elosan , RT 10 RW 15', '2020-02-01', 1),
('00605', 'SUCIATI', 'Desa Ledoktempuro, Dusun Curahtekor , RT 1 RW 3', '2020-02-01', 1),
('00606', 'SINTA KS', 'Desa Randuagung, Dusun Klompangan , RT 1 RW 12', '2020-02-01', 1),
('00607', 'EKA YULIANA', 'Desa Ranulogong, Dusun  , RT  RW', '2020-02-01', 1),
('00608', 'MARHAMAH', 'Desa Ledoktempuro, Dusun Curahtekor , RT 5 RW 4', '2020-02-01', 1),
('00609', 'M. HOTIB', 'Desa Ledoktempuro, Dusun Krajan , RT 3 RW 1', '2020-02-01', 1),
('00610', 'B. DARTO 3', 'Desa Ledoktempuro, Dusun Lembenah , RT 5 RW 5', '2020-02-01', 1),
('00611', 'ATMARI', 'Desa Ledoktempuro, Dusun Lembenah , RT 7 RW 6', '2020-02-01', 1),
('00612', 'FANI S', 'Desa Ledoktempuro, Dusun Curahtekor , RT 6 RW 5', '2020-02-01', 1),
('00613', 'PUSKESMAS TUNJUNG', 'Desa Tunjung, Dusun Krajan 1 , RT 1 RW 1', '2020-02-01', 1),
('00614', 'HUSWIATI', 'Desa Randuagung, Dusun Krajan , RT 1 RW 2', '2020-02-01', 1),
('00615', 'MONO', 'Desa Randuagung, Dusun Langsepan , RT 1 RW 10', '2020-02-01', 1),
('00616', 'AYU', 'Desa Randuagung, Dusun Elosan , RT 2 RW 14', '2020-02-01', 1),
('00617', 'ABDUR ROHMAN', 'Desa Ledoktempuro, Dusun Curahtekor , RT 6 RW 4', '2020-02-01', 1),
('00618', 'ERNAWATI/ANGGA', 'Desa Ledoktempuro, Dusun Lembenah , RT 5 RW 5', '2020-02-01', 1),
('00619', 'RUMLAH', 'Desa Ranupakis, Dusun Klerekan , RT 3 RW 5', '2020-02-01', 1),
('00620', 'HJ. PONI', 'Desa Randuagung, Dusun Elosan , RT 2 RW 14', '2020-02-01', 1),
('00621', 'NURHASAN', 'Desa Ledoktempuro, Dusun Curahtekor , RT 6 RW 4', '2020-02-01', 1),
('00622', 'HALIYEH 2', 'Desa Tunjung, Dusun Krajan 1 , RT 1 RW 1', '2020-02-01', 1),
('00623', 'ISNA', 'Desa Ledoktempuro, Dusun Lembenah , RT 4 RW 5', '2020-02-01', 1);
INSERT INTO `anggota` (`no_anggota`, `nama`, `alamat`, `tgl_daftar`, `status`) VALUES
('00624', 'ALWI MAT TOSEN', 'Desa Ledoktempuro, Dusun Curahtekor , RT 6 RW 4', '2020-02-01', 1),
('00625', 'SOBRI', 'Desa Ledoktempuro, Dusun Lembenah , RT  RW', '2020-02-01', 1),
('00626', 'USWATUN HASANAH', 'Desa Pejarakan, Dusun Paleran , RT 16 RW 5', '2020-02-01', 1),
('00627', 'MURNIASIH', 'Desa Ledoktempuro, Dusun Krajan , RT 2 RW 1', '2020-02-01', 1),
('00628', 'EKO', 'Desa Ledoktempuro, Dusun Curahtekor , RT 5 RW 4', '2020-02-01', 1),
('00629', 'DEVI KUSUMA', 'Desa Ledoktempuro, Dusun Lembenah , RT 9 RW 6', '2020-02-01', 1),
('00630', 'CINDY YATIMATUS S', 'Desa Ledoktempuro, Dusun  , RT 1 RW 8', '2020-02-01', 1),
('00631', 'NOVI LAILA', 'Desa Randuagung, Dusun Langsepan , RT 2 RW 8', '2020-02-01', 1),
('00632', 'ZINI', 'Desa Tunjung, Dusun Kidul Sawah , RT  RW', '2020-02-01', 1),
('00633', 'KARTILA', 'Desa Ledoktempuro, Dusun  , RT  RW', '2020-02-01', 1),
('00634', 'EDI WAHYONO', 'Desa Buwek, Dusun Jabaan , RT 4 RW 2', '2020-02-01', 1),
('00635', 'DINING', 'Desa Ledoktempuro, Dusun Curahtekor , RT 1 RW 3', '2020-02-01', 1),
('00636', 'RUFI AMALIA', 'Desa Ledoktempuro, Dusun Curahtekor , RT 3 RW 3', '2020-02-01', 1),
('00637', 'DOFIQ', 'Desa Tunjung, Dusun  , RT  RW', '2020-02-01', 1),
('00638', 'RIQZA', 'Desa Ledoktempuro, Dusun Krajan , RT 3 RW 1', '2020-02-01', 1),
('00639', 'HMPC LUMAJANG', 'Desa Ranuwurung, Dusun Sb.Tumpang , RT 27 RW 4', '2020-02-01', 1),
('00640', 'SUMI/TIKA', 'Desa Ledoktempuro, Dusun Curahtekor , RT 7 RW 4', '2020-02-01', 1),
('00641', 'AROFATUL H', 'Desa Buwek, Dusun Stasiun , RT  RW', '2020-02-01', 1),
('00642', 'TOPEK', 'Desa Ledoktempuro, Dusun Lembenah , RT 7 RW 6', '2020-02-01', 1),
('00643', 'SUPIATI', 'Desa Ledoktempuro, Dusun Lembenah , RT 7 RW 6', '2020-02-01', 1),
('00644', 'HOSEN', 'Desa Ledoktempuro, Dusun Lembenah , RT 7 RW 6', '2020-02-01', 1),
('00645', 'MBK YE', 'Desa Randuagung, Dusun Krajan , RT 2 RW 11', '2020-02-01', 1),
('00646', 'BUYAN', 'Desa Ledoktempuro, Dusun Lembenah , RT 6 RW 6', '2020-02-01', 1),
('00647', 'RUDI', 'Desa Randuagung, Dusun Elosan , RT 2 RW 15', '2020-02-01', 1),
('00648', 'WAHYU S', 'Desa Randuagung, Dusun Krajan , RT 2 RW 11', '2020-02-01', 1),
('00649', 'QHUROTUL AINI', 'Desa Ledoktempuro, Dusun Lembenah , RT  RW', '2020-02-01', 1),
('00650', 'KHOLIS SA\'DIYAH', 'Desa Ledoktempuro, Dusun Lembenah , RT  RW', '2020-02-01', 1),
('00651', 'B UNTUNG', 'Desa Randuagung, Dusun Langsepan , RT 2 RW 10', '2020-02-01', 1),
('00652', 'ILVI', 'Desa Ledoktempuro, Dusun Lembenah , RT  RW', '2020-02-01', 1),
('00653', 'FASEL', 'Desa Randuagung, Dusun Langsepan , RT 1 RW 10', '2020-02-01', 1),
('00654', 'EDI WAHYONO', 'Desa Buwek, Dusun Pandi , RT  RW', '2020-02-01', 1),
('00655', 'B MULYADI', 'Desa Ledoktempuro, Dusun Curahtekor , RT 1 RW 3', '2020-02-01', 1),
('00656', 'PUJIATI', 'Desa Ledoktempuro, Dusun Darungan , RT  RW', '2020-02-01', 1),
('00657', 'BAKUDA DRUM CORPS', 'Desa Ledoktempuro, Dusun Lembenah , RT  RW', '2020-02-01', 1),
('00658', 'SOEMARTO', 'Desa Randuagung, Dusun Langsepan , RT 1 RW 10', '2020-02-01', 1),
('00659', 'BUDIMAN', 'Desa Sumber Suko, Dusun Krajan , RT  RW', '2020-02-01', 1),
('00660', 'EGA', 'Desa Ledoktempuro, Dusun Lembenah , RT 5 RW 5', '2020-02-01', 1),
('00661', 'P JOKO', 'Desa Tunjung, Dusun Krajan , RT 1 RW 1', '2020-02-01', 1),
('00662', 'FERLIN', 'Desa Randuagung, Dusun Langsepan , RT 2 RW 10', '2020-02-01', 1),
('00663', 'KIKI', 'Desa Randuagung, Dusun Elosan , RT 2 RW 15', '2020-02-01', 1),
('00664', 'AINUN', 'Desa Randuagung, Dusun Langsepan , RT 1 RW 2', '2020-02-01', 1),
('00665', 'HENGKI', 'Desa Randuagung, Dusun Elosan , RT 2 RW 11', '2020-02-01', 1),
('00666', 'SLAMET RIYADI', 'Desa Ledoktempuro, Dusun Krajan , RT 2 RW 1', '2020-02-01', 1),
('00667', 'RIYAN MOTOR', 'Desa Randuagung, Dusun Langsepan , RT 2 RW 10', '2020-02-01', 1),
('00668', 'MISRI/ ASTUTIK', 'Desa Ledoktempuro, Dusun Lembenah , RT 2 RW 5', '2020-02-01', 1),
('00669', 'MISNA', 'Desa Ledoktempuro, Dusun Krajan , RT 2 RW 1', '2020-02-01', 1),
('00670', 'RIKI AGUS TRI', 'Desa Ledoktempuro, Dusun Curahtekor , RT 4 RW 3', '2020-02-01', 1),
('00671', 'ROFEK', 'Desa Randuagung, Dusun Elosan , RT 2 RW 14', '2020-02-01', 1),
('00672', 'HUSNATIN', 'Desa Ledoktempuro, Dusun Curahtekor , RT 1 RW 3', '2020-02-01', 1),
('00673', 'DIKY KURNIAWAN', 'Desa Ledoktempuro, Dusun Curahtekor , RT 1 RW 3', '2020-02-01', 1),
('00674', 'SULIHA', 'Desa Ledoktempuro, Dusun Krajan , RT 4 RW 1', '2020-02-01', 1),
('00675', 'LAILATUL LISA', 'Desa Ledoktempuro, Dusun Curahtekor , RT 5 RW 4', '2020-02-01', 1),
('00676', 'AGIL', 'Desa Randuagung, Dusun Langsepan , RT 2 RW 9', '2020-02-01', 1),
('00677', 'YAYUK SRI W', 'Desa Ledoktempuro, Dusun Krajan , RT 1 RW 1', '2020-02-01', 1),
('00678', 'FATONI', 'Desa Kalipenggung, Dusun Kalijeruk , RT 10 RW 3', '2020-02-01', 1),
('00679', 'RAMA', 'Desa Ranulogong, Dusun Temporan , RT  RW', '2020-02-01', 1),
('00680', 'RISKA NUR AINI', 'Desa Ledoktempuro, Dusun Lembenah , RT 9 RW 6', '2020-02-01', 1),
('00681', 'TASYA', 'Desa Ledoktempuro, Dusun Lembenah , RT 4 RW 5', '2020-02-01', 1),
('00682', 'IIN PABRIK', 'Desa Ledoktempuro, Dusun Curahtekor , RT 2 RW 3', '2020-02-01', 1),
('00683', 'MUHAMMAD ARDI', 'Desa Ledoktempuro, Dusun Lembenah , RT 9 RW 6', '2020-02-01', 1),
('00684', 'SUSIYADI', 'Desa Ledoktempuro, Dusun Krajan , RT 2 RW 1', '2020-02-01', 1),
('00685', 'FATIM', 'Desa Ledoktempuro, Dusun Krajan , RT 4 RW 1', '2020-02-01', 1),
('00686', 'FATUROHMAN', 'Desa Randuagung, Dusun Elosan , RT 10 RW 15', '2020-02-01', 1),
('00687', 'LIA', 'Desa Randuagung, Dusun Elosan , RT 10 RW 15', '2020-02-01', 1),
('00688', 'TRIYONO', 'Desa Ranulogong, Dusun Tanah Anyar , RT 4 RW 6', '2020-02-01', 1),
('00689', 'LILIS', 'Desa Randuagung, Dusun Langsepan , RT 2 RW 10', '2020-02-01', 1),
('00690', 'FINDA', 'Desa Randuagung, Dusun Langsepan , RT 2 RW 10', '2020-02-01', 1),
('00691', 'ROMLA', 'Desa Randuagung, Dusun Elosan , RT 10 RW 15', '2020-02-01', 1),
('00692', 'RISNA', 'Desa Randuagung, Dusun Elosan , RT 10 RW 15', '2020-02-01', 1),
('00693', 'LUSIATI', 'Desa Ledoktempuro, Dusun Curahtekor , RT 6 RW 4', '2020-02-01', 1),
('00694', 'P. ARUM', 'Desa Ledoktempuro, Dusun Lembenah , RT 5 RW 5', '2020-02-01', 1),
('00695', 'GIMAN', 'Desa Randuagung, Dusun Langsepan , RT 1 RW 10', '2020-02-01', 1),
('00696', 'ARISTA FOTO', 'Desa Randuagung, Dusun Elosan , RT 1 RW 12', '2020-02-01', 1),
('00697', 'HOLISA', 'Desa Ledoktempuro, Dusun Darungan , RT  RW', '2020-02-01', 1),
('00698', 'SABRINA 2', 'Desa Randuagung, Dusun Langsepan , RT 1 RW 10', '2020-02-01', 1),
('00699', 'NAJWA SOFIE K', 'Desa Ledoktempuro, Dusun Lembenah , RT 6 RW 6', '2020-02-01', 1),
('00700', 'SULIHATI RATIH', 'Desa Ranuwurung, Dusun Kramat , RT 3 RW 1', '2020-02-01', 1),
('00701', 'FAREL', 'Desa Randuagung, Dusun Elosan , RT 2 RW 15', '2020-02-01', 1),
('00702', 'WULAN', 'Desa Randuagung, Dusun Krajan , RT 1 RW 11', '2020-02-01', 1),
('00703', 'NIA', 'Desa Randuagung, Dusun Langsepan , RT 2 RW 10', '2020-02-01', 1),
('00704', 'DIDIK', 'Desa Randuagung, Dusun Elosan , RT 10 RW 15', '2020-02-01', 1),
('00705', 'KIKIN', 'Desa Randuagung, Dusun Elosan , RT 10 RW 15', '2020-02-01', 1),
('00706', 'ALIP', 'Desa Randuagung, Dusun Langsepan , RT 1 RW 9', '2020-02-01', 1),
('00707', 'B. WAHYU', 'Desa Tunjung, Dusun Krajan , RT 1 RW 2', '2020-02-01', 1),
('00708', 'INTAN NURAINI', 'Desa Ranuwurung, Dusun glebek , RT 11 RW 2', '2020-02-01', 1),
('00709', 'ULFATUN HASANAH', 'Desa Randuagung, Dusun kelompangan , RT 2 RW 20', '2020-02-01', 1),
('00710', 'FAIQOTUL HIKMAH', 'Desa Ledoktempuro, Dusun Krajan , RT 3 RW 1', '2020-02-01', 1),
('00711', 'EROL', 'Desa Randuagung, Dusun Krajan , RT 1 RW 2', '2020-02-01', 1),
('00712', 'ADITIA', 'Desa Randuagung, Dusun Langsepan , RT 2 RW 10', '2020-02-01', 1),
('00713', 'B. MISTARI', 'Desa Tunjung, Dusun Krajan 1 , RT 1 RW 1', '2020-02-01', 1),
('00714', 'NOVI', 'Desa Randuagung, Dusun Elosan , RT 2 RW 12', '2020-02-01', 1),
('00715', 'B. KHUSNUL SD', 'Desa Ledoktempuro, Dusun Curahtekor , RT 8 RW 4', '2020-02-01', 1),
('00716', 'MULYONO/SRI MULYANI', 'Desa Ranulogong, Dusun  , RT  RW', '2020-02-01', 1),
('00717', 'B. AZIS', 'Desa Kalipenggung, Dusun Jabaan , RT 10 RW 12', '2020-02-01', 1),
('00718', 'HUSNUL KHOTIMAH', 'Desa , Dusun  , RT  RW', '2020-02-01', 1),
('00719', 'NOVA', 'Desa , Dusun  , RT  RW', '2020-02-01', 1),
('00720', 'MTS MUH / ENI', 'Desa Ledoktempuro, Dusun Lembenah , RT  RW', '2020-02-01', 1),
('00721', 'IRFAN ARIBOWO', 'Desa Ledoktempuro, Dusun Lembenah , RT 8 RW 6', '2020-02-01', 1),
('00722', 'SULTON', 'Desa Ledoktempuro, Dusun Curahtekor , RT 1 RW 3', '2020-02-01', 1),
('00723', 'PONINGSIH', 'Desa Ledoktempuro, Dusun Lembenah , RT 7 RW 6', '2020-02-01', 1),
('00724', 'ROFIK', 'Desa Ranuwurung, Dusun  , RT  RW', '2020-02-01', 1),
('00725', 'MANSUR', 'Desa Ledoktempuro, Dusun  , RT  RW', '2020-02-01', 1),
('00726', 'TOPAN', 'Desa Tunjung, Dusun Krajan , RT 1 RW 1', '2020-02-01', 1),
('00727', 'HEFI', 'Desa ledoktempuro, Dusun  , RT  RW', '2020-02-01', 1),
('00728', 'DWI AGUSTIN', 'Desa ledoktempuro, Dusun  , RT  RW', '2020-02-01', 1),
('00729', 'AINUN MUSYAROFAH', 'Desa Ledoktempuro, Dusun Darungan , RT 7 RW 8', '2020-02-01', 1),
('00730', 'AHMAD ZAENI', 'Desa Ledoktempuro, Dusun Lembenah , RT 5 RW 5', '2020-02-01', 1),
('00731', 'YANTO 2', 'Desa Ledoktempuro, Dusun Lembenah , RT 7 RW 6', '2020-02-01', 1),
('00732', 'SARIASIH', 'Desa Ranulogong, Dusun tongmaling  , RT 41 RW 9', '2020-02-01', 1),
('00733', 'FEBI', 'Desa Ledoktempuro, Dusun  , RT  RW', '2020-02-01', 1),
('00734', 'BERLIAN', 'Desa Buwek, Dusun  , RT  RW', '2020-02-01', 1),
('00735', 'LUMYATI', 'Desa Ranulogong, Dusun Krajan selatan , RT 12 RW 3', '2020-02-01', 1),
('00736', 'SAHNIWI', 'Desa Ledoktempuro, Dusun Curahtekor , RT 2 RW 3', '2020-02-01', 1),
('00737', 'ALIF', 'Desa Randuagung, Dusun Langsepan , RT 1 RW 9', '2020-02-01', 1),
('00738', 'KKM / ANDRIK USMAN', 'Desa Ledoktempuro, Dusun Krajan , RT  RW', '2020-02-01', 1),
('00739', 'JUM', 'Desa Randuagung, Dusun Langsepan , RT 2 RW 10', '2020-02-01', 1),
('00740', 'SITI WENA', 'Desa Ledoktempuro, Dusun Krajan , RT 4 RW 1', '2020-02-01', 1),
('00741', 'RENA PKM', 'Desa Tunjung, Dusun krajan 1 , RT 1 RW 1', '2020-02-01', 1),
('00742', 'HJ. HAMIDAH', 'Desa Randuagung, Dusun Elosan , RT 10 RW 15', '2020-02-01', 1),
('00743', 'FARID', 'Desa Randuagung, Dusun Langsepan , RT 2 RW 10', '2020-02-01', 1),
('00744', 'SUMI', 'Desa Ranulogong, Dusun Krajan , RT 3 RW 2', '2020-02-01', 1),
('00745', 'LUSIANA', 'Desa Ledoktempuro, Dusun Lembenah , RT 3 RW 5', '2020-02-01', 1),
('00746', 'MTS MIFTAHUL ULUM', 'Desa Buwek, Dusun  , RT  RW', '2020-02-01', 1),
('00747', 'HANAFI', 'Desa Ledoktempuro, Dusun Lembenah , RT 7 RW 6', '2020-02-01', 1),
('00748', 'FARIDOTUL H', 'Desa Ledoktempuro, Dusun Krajan , RT 4 RW 1', '2020-02-01', 1),
('00749', 'FEQIH YUDI AJI DWI PUTRA', 'Desa Ledoktempuro, Dusun Krajan , RT  RW', '2020-02-01', 1),
('00750', 'HOLIK', 'Desa Ranuwurung, Dusun glebek , RT 7 RW 3', '2020-02-01', 1),
('00751', 'MISKAN', 'Desa Randuagung, Dusun Elosan , RT 2 RW 15', '2020-02-01', 1),
('00752', 'WIBI', 'Desa Ledoktempuro, Dusun Curahtekor , RT 2 RW 3', '2020-02-01', 1),
('00753', 'PDAM BUNTU', 'Desa Ledoktempuro, Dusun Curahtekor , RT 3 RW 3', '2020-02-01', 1),
('00754', 'ATLA FIRMANSYAH', 'Desa Ranuwurung, Dusun Sb.Tumpang , RT 30 RW 4', '2020-02-01', 1),
('00755', 'HASIM', 'Desa Randuagung, Dusun Langsepan , RT 1 RW 10', '2020-02-01', 1),
('00756', 'ANDIKA', 'Desa Randuagung, Dusun Langsepan , RT 2 RW 10', '2020-02-01', 1),
('00757', 'LUKMAN H', 'Desa Ledoktempuro, Dusun Lembenah , RT 5 RW 5', '2020-02-01', 1),
('00758', 'HOLIPA', 'Desa Ledoktempuro, Dusun Darungan , RT 4 RW 3', '2020-02-01', 1),
('00759', 'SOLLA SOBRU LILLA', 'Desa Ledoktempuro, Dusun Lembenah , RT 9 RW 6', '2020-02-01', 1),
('00760', 'M. ARIF', 'Desa Ledoktempuro, Dusun Lembenah , RT 7 RW 5', '2020-02-01', 1),
('00761', 'FIRMAN A', 'Desa Ledoktempuro, Dusun Lembenah , RT 7 RW 5', '2020-02-01', 1),
('00762', 'IYAM', 'Desa Ledoktempuro, Dusun Lembenah , RT 5 RW 5', '2020-02-01', 1),
('00763', 'YAMMA', 'Desa Gedangmas, Dusun Krajan , RT 1 RW 2', '2020-02-01', 1),
('00764', 'FARHAN', 'Desa Randuagung, Dusun Elosan , RT 15 RW 10', '2020-02-01', 1),
('00765', 'FATHUR ROZI', 'Desa Randuagung, Dusun klompangan , RT 1 RW 20', '2020-02-01', 1),
('00766', 'WAHYUDI', 'Desa Ledoktempuro, Dusun Lembenah , RT 5 RW 5', '2020-02-01', 1),
('00767', 'MUHAMMAD IRWANTO', 'Desa Ledoktempuro, Dusun Lembenah , RT 5 RW 5', '2020-02-01', 1),
('00768', 'DYTA', 'Desa Ledoktempuro, Dusun Lembenah , RT 7 RW 5', '2020-02-01', 1),
('00769', 'ANIK SUJIANI', 'Desa Ledoktempuro, Dusun Lembenah , RT 2 RW 5', '2020-02-01', 1),
('00770', 'HAIKAL', 'Desa Tunjung, Dusun Krajan 1 , RT 1 RW 1', '2020-02-01', 1),
('00771', 'RADIKA', 'Desa Ledoktempuro, Dusun Lembenah , RT 5 RW 5', '2020-02-01', 1),
('00772', 'IIN', 'Desa Randuagung, Dusun Langsepan , RT 2 RW 9', '2020-02-01', 1),
('00773', 'NUR HASANAH', 'Desa Randuagung, Dusun Krajan , RT 2 RW 11', '2020-02-01', 1),
('00774', 'MAHDYATUL HOYRIAH', 'Desa Ranu lading, Dusun sb.weringin , RT 1 RW 4', '2020-02-01', 1),
('00775', 'AHMAD MUZAKY A.', 'Desa Ledoktempuro, Dusun Lembenah , RT 7 RW 6', '2020-02-01', 1),
('00776', 'ASTUTIK', 'Desa Ledoktempuro, Dusun Lembenah , RT 2 RW 5', '2020-02-01', 1),
('00777', 'FAIRUZ', 'Desa Ledoktempuro, Dusun Krajan , RT 4 RW 1', '2020-02-01', 1),
('00778', 'MUHAMMAD HARIK', 'Desa Ledoktempuro, Dusun Krajan , RT 5 RW 1', '2020-02-01', 1),
('00779', 'JUMANI', 'Desa Ledoktempuro, Dusun Krajan , RT 5 RW 1', '2020-02-01', 1),
('00780', 'IMAM HOJALI', 'Desa Pejarakan, Dusun Darungan , RT 8 RW 3', '2020-02-01', 1),
('00781', 'B. NASIR', 'Desa Randuagung, Dusun Krajan , RT 2 RW 11', '2020-02-01', 1),
('00782', 'INTAN QORIE\'ATUL L', 'Desa Ledoktempuro, Dusun Darungan , RT 9 RW 8', '2020-02-01', 1),
('00783', 'RISKI KURNIA F', 'Desa Ledoktempuro, Dusun Darungan , RT 9 RW 8', '2020-02-01', 1),
('00784', 'ANA B', 'Desa Ledoktempuro, Dusun Krajan , RT 4 RW 1', '2020-02-01', 1),
('00785', 'ROHIM', 'Desa Randuagung, Dusun Langsepan , RT 2 RW 10', '2020-02-01', 1),
('00786', 'EVI / ASIS', 'Desa Gedangmas, Dusun Sb.gebang , RT 2 RW 2', '2020-02-01', 1),
('00787', 'IIN WAHYUNINGSIH', 'Desa Ledoktempuro, Dusun Krajan , RT 5 RW 1', '2020-02-01', 1),
('00788', 'KARMILA', 'Desa Kalidilem, Dusun Paleran , RT  RW', '2020-02-01', 1),
('00789', 'IRMAWATI', 'Desa Ledoktempuro, Dusun Krajan , RT 3 RW 1', '2020-02-01', 1),
('00790', 'AHMAD ROISUL FATAH', 'Desa Ledoktempuro, Dusun Lembenah , RT 9 RW 6', '2020-02-01', 1),
('00791', 'DIKI FIRMAN ALAMSYAH', 'Desa Ledoktempuro, Dusun Krajan , RT 3 RW 1', '2020-02-01', 1),
('00792', 'UBET', 'Desa Randuagung, Dusun Langsepan , RT 2 RW 10', '2020-02-01', 1),
('00793', 'HANDAYANI', 'Desa Ledoktempuro, Dusun Lembenah , RT 5 RW 5', '2020-02-01', 1),
('00794', 'RISKY', 'Desa Randuagung, Dusun Krajan , RT 2 RW 11', '2020-02-01', 1),
('00795', 'FITRIANI', 'Desa Randuagung, Dusun Langsepan , RT 2 RW 10', '2020-02-01', 1),
('00796', 'DEWI RATNASARI', 'Desa Ranulogong, Dusun Temporan , RT  RW', '2020-02-01', 1),
('00797', 'AIRA', 'Desa Randuagung, Dusun Krajan , RT 2 RW 5', '2020-02-01', 1),
('00798', 'ZAINULLAH', 'Desa Ledoktempuro, Dusun Buntu , RT 1 RW 3', '2020-02-01', 1),
('00799', 'P. ALI', 'Desa Randuagung, Dusun Langsepan , RT 2 RW 10', '2020-02-01', 1),
('00800', 'NOVI DWI PRABOWO', 'Desa Ledoktempuro, Dusun Lembenah , RT 5 RW 5', '2020-02-01', 1),
('00801', 'ANIS', 'Desa Randuagung, Dusun Langsepan , RT 1 RW 10', '2020-02-01', 1),
('00802', 'FEBRIAN', 'Desa Tunjung, Dusun Krajan , RT 1 RW 2', '2020-02-01', 1),
('00803', 'KHODIR HERUDIN', 'Desa Tunjung, Dusun Krajan , RT 1 RW 2', '2020-02-01', 1),
('00804', 'USWATUN', 'Desa Ledoktempuro, Dusun Krajan , RT 5 RW 1', '2020-02-01', 1),
('00805', 'NUR SALEM', 'Desa Kudus, Dusun Krajan , RT 9 RW 1', '2020-02-01', 1),
('00806', 'DENI', 'Desa Tunjung, Dusun Krajan , RT 1 RW 1', '2020-02-01', 1),
('00807', 'ISA', 'Desa Randuagung, Dusun Langsepan , RT 1 RW 10', '2020-02-01', 1),
('00808', 'MOEBAROK', 'Desa Buwek, Dusun Krajan , RT 4 RW 2', '2020-02-01', 1),
('00809', 'IMAM H', 'Desa Randuagung, Dusun Krajan , RT 1 RW 2', '2020-02-01', 1),
('00810', 'YUDI', 'Desa Tunjung, Dusun Krajan , RT 1 RW 2', '2020-02-01', 1),
('00811', 'ADINTA ERSA', 'Desa Ledoktempuro, Dusun Lembenah , RT 5 RW 5', '2020-02-01', 1),
('00812', 'RIDLO', 'Desa Ledoktempuro, Dusun krajan , RT 1 RW 1', '2020-02-01', 1),
('00813', 'SANTI', 'Desa Ranulogong, Dusun Temporan , RT  RW', '2020-02-01', 1),
('00814', 'ERFINA', 'Desa Buwek, Dusun Stasiun , RT 8 RW 4', '2020-02-01', 1),
('00815', 'ESKAR 2', 'Desa Ledoktempuro, Dusun Lembenah , RT 3 RW 5', '2020-02-01', 1),
('00816', 'TRININGSIH', 'Desa Kalipenggung, Dusun Kalijeruk , RT  RW', '2020-02-01', 1),
('00817', 'HAMDAN', 'Desa Gedangmas, Dusun Krajan , RT 1 RW 2', '2020-02-01', 1),
('00818', 'ROFI\' KHUSNUL H.', 'Desa Ledoktempuro, Dusun Lembenah , RT 7 RW 6', '2020-02-01', 1),
('00819', 'HARTONO', 'Desa Ledoktempuro, Dusun Krajan , RT 3 RW 1', '2020-02-01', 1),
('00820', 'YENI KURNIAWATI', 'Desa Ledoktempuro, Dusun Krajan , RT 5 RW 1', '2020-02-01', 1),
('00821', 'SYAIFUDDIN T.M', 'Desa Ledoktempuro, Dusun Krajan , RT 1 RW 1', '2020-02-01', 1),
('00822', 'SYAIFUL ADI H', 'Desa Randuagung, Dusun Krajan , RT 2 RW 7', '2020-02-01', 1),
('00823', 'MAYA', 'Desa Tunjung, Dusun Krajan , RT 1 RW 1', '2020-02-01', 1),
('00824', 'SOEDARIJO', 'Desa Ledoktempuro, Dusun Lembenah , RT 9 RW 6', '2020-02-01', 1),
('00825', 'YUSUF ARIFUDDIN', 'Desa Ranuwurung, Dusun Sb.Tumpang , RT 27 RW 4', '2020-02-01', 1),
('00826', 'RISKI', 'Desa randuagung, Dusun langsepan , RT 2 RW 8', '2020-02-01', 1),
('00827', 'SULIS', 'Desa Ledoktempuro, Dusun Curahtekor , RT 2 RW 3', '2020-02-01', 1),
('00828', 'NURHAYATI', 'Desa Tunjung, Dusun Krajan , RT 1 RW 1', '2020-02-01', 1),
('00829', 'SAMI', 'Desa Tunjung, Dusun Krajan , RT 1 RW 1', '2020-02-01', 1),
('00830', 'WIJAYANTI', 'Desa Randuagung, Dusun Elosan , RT 15 RW 10', '2020-02-01', 1),
('00831', 'FITRI', 'Desa Gedangmas, Dusun Aseman , RT  RW', '2020-02-01', 1),
('00832', 'NIMA', 'Desa Ledoktempuro, Dusun Lembenah , RT 9 RW 6', '2020-02-01', 1),
('00833', 'HERMAN S', 'Desa Gedangmas, Dusun Sb.gebang , RT 2 RW 2', '2020-02-01', 1),
('00834', 'ALFIN KURNIAWATI', 'Desa Tunjung, Dusun Krajan 1 , RT 1 RW 1', '2020-02-01', 1),
('00835', 'SITI HOSAIMAH', 'Desa Tunjung, Dusun Krajan 1 , RT 1 RW 1', '2020-02-01', 1),
('00836', 'MUBAID', 'Desa Gedangmas, Dusun Sb.gebang , RT 2 RW 2', '2020-02-01', 1),
('00837', 'YUDI', 'Desa Ledoktempuro, Dusun Curahtekor , RT 4 RW 3', '2020-02-01', 1),
('00838', 'WULANDARI KHOFIAH', 'Desa Ledoktempuro, Dusun Lembenah , RT 7 RW 6', '2020-02-01', 1),
('00839', 'ERWIN', 'Desa Ledoktempuro, Dusun Curahtekor , RT 6 RW 4', '2020-02-01', 1),
('00840', 'ILA ASNAWIYAH', 'Desa Ledoktempuro, Dusun Lembenah , RT 7 RW 6', '2020-02-01', 1),
('00841', 'DIMAS', 'Desa Randuagung, Dusun Elosan , RT 10 RW 15', '2020-02-01', 1),
('00842', 'MARDIAH', 'Desa Kalipenggung, Dusun Krajan , RT 1 RW 2', '2020-02-01', 1),
('00843', 'ALFAN FAHMI', 'Desa Ranulogong, Dusun tongmaling  , RT  RW', '2020-02-01', 1),
('00844', 'HAMIDAH', 'Desa Tunjung, Dusun Krajan 1 , RT 1 RW 1', '2020-02-01', 1),
('00845', 'ELOK', 'Desa Tunjung, Dusun Krajan 1 , RT 1 RW 1', '2020-02-01', 1),
('00846', 'RAFEL', 'Desa Ledoktempuro, Dusun Lembenah , RT 7 RW 6', '2020-02-01', 1),
('00847', 'FARHAN', 'Desa Randuagung, Dusun Krajan , RT 1 RW 2', '2020-02-01', 1),
('00848', 'RIFAT', 'Desa Randuagung, Dusun Langsepan , RT 9 RW 2', '2020-02-01', 1),
('00849', 'UMI YAYUK', 'Desa Kalipenggung, Dusun Timur Gunung , RT 7 RW 2', '2020-02-01', 1),
('00850', 'FAIQOTUL HIKMAH 2', 'Desa Ledoktempuro, Dusun Krajan , RT 3 RW 1', '2020-02-01', 1),
('00851', 'ARICA MEGA SANTI', 'Desa Ranuwurung, Dusun Sb.Tumpang , RT 27 RW 4', '2020-02-01', 1),
('00852', 'HASANAN', 'Desa Ledoktempuro, Dusun Krajan , RT 1 RW 1', '2020-02-01', 1),
('00853', 'SUMADI HARYONO', 'Desa Ranulogong, Dusun Tanah Anyar , RT 31 RW 7', '2020-02-01', 1),
('00854', 'YULIATIN', 'Desa Ledoktempuro, Dusun Krajan , RT 1 RW 1', '2020-02-01', 1),
('00855', 'MUHAMMAD RIKO H', 'Desa Ledoktempuro, Dusun Lembenah , RT 6 RW 6', '2020-02-01', 1),
('00856', 'BAMBANG HARYANTO', 'Desa Ledoktempuro, Dusun Lembenah , RT 8 RW 6', '2020-02-01', 1),
('00857', 'SAHAM', 'Desa Ledoktempuro, Dusun Lembenah , RT  RW', '2020-02-01', 1),
('00858', 'HOMSIAH', 'Desa Randuagung, Dusun Elosan , RT 10 RW 15', '2020-02-01', 1),
('00859', 'TORIMAN', 'Desa Ledoktempuro, Dusun Krajan , RT 8 RW 2', '2020-02-01', 1),
('00860', 'KIT', 'Desa Randuagung, Dusun Elosan , RT 10 RW 15', '2020-02-01', 1),
('00861', 'ELOK TRISNAWATI', 'Desa Ranuwurung, Dusun Krajan Lama , RT 34 RW 5', '2020-02-01', 1),
('00862', 'LUFY', 'Desa Tunjung, Dusun Krajan , RT 1 RW 1', '2020-02-01', 1),
('00863', 'ALISA', 'Desa Ledoktempuro, Dusun Lembenah , RT 5 RW 5', '2020-02-01', 1),
('00864', 'FAIRUZ AL GHIFARI', 'Desa Ledoktempuro, Dusun Krajan , RT 3 RW 4', '2020-02-01', 1),
('00865', 'REYHAN', 'Desa Ledoktempuro, Dusun Krajan , RT 1 RW 1', '2020-02-01', 1),
('00866', 'PUTRA FIRMANSYAH', 'Desa Ledoktempuro, Dusun Lembenah , RT 7 RW 6', '2020-02-01', 1),
('00867', 'ADI S', 'Desa Ledoktempuro, Dusun Curahtekor , RT 5 RW 4', '2020-02-01', 1),
('00868', 'SITI JULAIHA', 'Desa Ledoktempuro, Dusun Curahtekor , RT 5 RW 4', '2020-02-01', 1),
('00869', 'RONI', 'Desa Tunjung, Dusun Krajan , RT 1 RW 1', '2020-02-01', 1),
('00870', 'RIA RAHMAWATI', 'Desa Ledoktempuro, Dusun Lembenah , RT 7 RW 5', '2020-02-01', 1),
('00871', 'HANIP', 'Desa Randuagung, Dusun Elosan , RT 15 RW 10', '2020-02-01', 1),
('00872', 'NURIS', 'Desa Randuagung, Dusun Langsepan , RT 1 RW 10', '2020-02-01', 1),
('00873', 'YESSY', 'Desa Randuagung, Dusun Langsepan , RT 1 RW 10', '2020-02-01', 1),
('00874', 'SULIHA', 'Desa Randuagung, Dusun Elosan , RT 10 RW 15', '2020-02-01', 1),
('00875', 'SUMROTI', 'Desa Randuagung, Dusun Elosan , RT 10 RW 15', '2020-02-01', 1),
('00876', 'HENDRIK', 'Desa Randuagung, Dusun Langsepan , RT 1 RW 9', '2020-02-01', 1),
('00877', 'YU BEHEB', 'Desa Randuagung, Dusun Langsepan , RT 1 RW 9', '2020-02-01', 1),
('00878', 'ARIF', 'Desa Randuagung, Dusun Langsepan , RT 1 RW 9', '2020-02-01', 1),
('00879', 'RINI', 'Desa Randuagung, Dusun Langsepan , RT 1 RW 9', '2020-02-01', 1),
('00880', 'EKO WAHYUDI', 'Desa Ledoktempuro, Dusun Darungan , RT 4 RW 7', '2020-02-01', 1),
('00881', 'INTAN QORIE\'ATUL L 2', 'Desa Ledoktempuro, Dusun Darungan , RT 8 RW 9', '2020-02-01', 1),
('00882', 'YULIANA', 'Desa Randuagung, Dusun Langsepan , RT 1 RW 9', '2020-02-01', 1),
('00883', 'FIRLY', 'Desa Ledoktempuro, Dusun Curahtekor , RT 0 RW 0', '2020-02-01', 1),
('00884', 'BUYAN', 'Desa Ledoktempuro, Dusun Lembenah , RT 6 RW 6', '2020-02-01', 1),
('00885', 'NAURA', 'Desa Randuagung, Dusun Elosan , RT 10 RW 15', '2020-02-01', 1),
('00886', 'ISTIQOMAH', 'Desa Ledoktempuro, Dusun Krajan , RT 2 RW 1', '2020-02-01', 1),
('00887', 'SOFY', 'Desa Gedangmas, Dusun Sb.gebang , RT 1 RW 2', '2020-02-01', 1),
('00888', 'MUTMAINAH', 'Desa , Dusun  , RT  RW', '2020-02-01', 1),
('00889', 'EKA VERAWATI', 'Desa Randuagung, Dusun Elosan , RT 2 RW 12', '2020-02-01', 1),
('00890', 'SUGENG', 'Desa Randuagung, Dusun Langsepan , RT 2 RW 10', '2020-02-01', 1),
('00891', 'YOGIK', 'Desa Ranuwurung, Dusun Glebek , RT 6 RW 3', '2020-02-01', 1),
('00892', 'SUHANTO 2', 'Desa Ledoktempuro, Dusun Krajan , RT 6 RW 6', '2020-02-01', 1),
('00893', 'NI\'MATUZ ZUHRO', 'Desa Ledoktempuro, Dusun Krajan , RT 1 RW 1', '2020-02-01', 1),
('00894', 'NUR  HOLIS', 'Desa Umbul, Dusun  , RT  RW', '2020-02-01', 1),
('00895', 'TORIQ', 'Desa , Dusun  , RT  RW', '2020-02-01', 1),
('00896', 'IKA NURJANAH', 'Desa Ledoktempuro, Dusun Curahtekor , RT 4 RW 3', '2020-02-01', 1),
('00897', 'YULI DWIJAYANTI', 'Desa Ledoktempuro, Dusun Curahtekor , RT  RW', '2020-02-01', 1),
('00898', 'FIKA DWI LESTARI', 'Desa Ledoktempuro, Dusun  , RT  RW', '2020-02-01', 1),
('00899', 'SISIL', 'Desa Ledoktempuro, Dusun Lembenah , RT 7 RW 6', '2020-02-01', 1),
('00900', 'PRASETYO', 'Desa Ledoktempuro, Dusun Krajan , RT 3 RW 1', '2020-02-01', 1),
('00901', 'RIMIN', 'Desa Ledoktempuro, Dusun Darungan , RT 2 RW 7', '2020-02-01', 1),
('00902', 'TK DARUL VALENTINA', 'Desa Ranuwurung, Dusun Sb.Tumpang , RT 30 RW 4', '2020-02-01', 1),
('00903', 'HAMIDATUS SHOLEHAH', 'Desa Ledoktempuro, Dusun Krajan , RT 1 RW 2', '2020-02-01', 1),
('00904', 'YAKUB', 'Desa Randuagung, Dusun Krajan , RT  RW', '2020-02-01', 1),
('00905', 'AYU', 'Desa Randuagung, Dusun Krajan , RT  RW', '2020-02-01', 1),
('00906', 'CAK MAT', 'Desa Randuagung, Dusun Krajan , RT  RW', '2020-02-01', 1),
('00907', 'RIBUT  IMAM S', 'Desa Randuagung, Dusun Elosan , RT 1 RW 13', '2020-02-01', 1),
('00908', 'FARHAN', 'Desa , Dusun  , RT  RW', '2020-02-01', 1),
('00909', 'ISNAINI', 'Desa Ledoktempuro, Dusun Lembenah , RT 7 RW 6', '2020-02-01', 1),
('00910', 'DESTA', 'Desa Ledoktempuro, Dusun Krajan , RT 3 RW 1', '2020-02-01', 1),
('00911', 'HASIL', 'Desa Randuagung, Dusun Langsepan , RT 2 RW 10', '2020-02-01', 1),
('00912', 'SDN KALIDILEM 1', 'Desa Randuagung, Dusun langsepan , RT 2 RW 10', '2020-02-01', 1),
('00913', 'HAMIDEH BENSIN', 'Desa Ledoktempuro, Dusun Curahtekor , RT 3 RW 4', '2020-02-01', 1),
('00914', 'DAVID', 'Desa Ledoktempuro, Dusun Lembenah , RT 6 RW 6', '2020-02-01', 1),
('00915', 'MUNA', 'Desa Gedangmas, Dusun  , RT  RW', '2020-02-01', 1),
('00916', 'PENSI MI MUH LEDOK', 'Desa Ledoktempuro, Dusun Kajan , RT 2 RW 1', '2020-02-01', 1),
('00917', 'DONATUR GURU MI', 'Desa Ledoktempuro, Dusun Kajan , RT 2 RW 1', '2020-02-01', 1),
('00918', 'ULIL', 'Desa , Dusun  , RT  RW', '2020-02-01', 1),
('00919', 'SUGIATI WIBI', 'Desa Ledoktempuro, Dusun Curahtekor , RT 4 RW 3', '2020-02-01', 1),
('00920', 'PUJI ASTUTI', 'Desa Randuagung, Dusun Krajan , RT 2 RW 11', '2020-02-01', 1),
('00921', 'RUKEM KRAJAN', 'Desa Ledoktempuro, Dusun Krajan , RT 2 RW 1', '2020-02-01', 1),
('00922', 'HOLIM', 'Desa Randuagung, Dusun Krajan , RT 2 RW 11', '2020-02-01', 1),
('00923', 'TU MTS MUH', 'Desa Ledoktempuro, Dusun  , RT  RW', '2020-02-01', 1),
('00924', 'DA AYAM', 'Desa Tunjung, Dusun Krajan , RT 1 RW 1', '2020-02-01', 1),
('00925', 'ISNAIDAH', 'Desa Ranuwurung, Dusun Sb.Tumpang , RT 26 RW 7', '2020-02-01', 1),
('00926', 'MISTAR', 'Desa Randuagung, Dusun Langsepan , RT 2 RW 9', '2020-02-01', 1),
('00927', 'NUR HANA', 'Desa Kalidilem, Dusun  , RT  RW', '2020-02-01', 1),
('00928', 'SITI MA\'AWANAH', 'Desa Ledoktempuro, Dusun Curahtekor , RT 5 RW 4', '2020-02-01', 1),
('00929', 'REHAN', 'Desa Ledoktempuro, Dusun Darungan , RT  RW', '2020-02-01', 1),
('00930', 'PINGSHOPING', 'Desa Randuagung, Dusun  , RT  RW', '2020-02-01', 1),
('00931', 'ELVIRA FRESILIA D', 'Desa Ledoktempuro, Dusun Krajan , RT  RW', '2020-02-01', 1),
('00932', 'SAIFUL A', 'Desa Randuagung, Dusun Langsepan , RT 2 RW 10', '2020-02-01', 1),
('00933', 'PUTRA', 'Desa Ledoktempuro, Dusun  , RT  RW', '2020-02-01', 1),
('00934', 'AQIL', 'Desa Ledoktempuro, Dusun Lembenah , RT  RW', '2020-02-01', 1),
('00935', 'D.P PUTRI', 'Desa Ledoktempuro, Dusun Lembenah , RT  RW', '2020-02-01', 1),
('00936', 'D.P PUTRA', 'Desa Ledoktempuro, Dusun Lembenah , RT  RW', '2020-02-01', 1),
('00937', 'FIRLITA TRI AGUSTIN', 'Desa Randuagung, Dusun Langsepan , RT 1 RW 8', '2020-02-01', 1),
('00938', 'RUBET PKM', 'Desa Tunjung, Dusun Krajan I , RT 1 RW 1', '2020-02-01', 1),
('00939', 'ABDUL HAMID', 'Desa Ledoktempuro, Dusun  , RT  RW', '2020-02-01', 1),
('00940', 'PISCOK', 'Desa Ledoktempuro, Dusun Lembenah , RT  RW', '2020-02-01', 1),
('00941', 'ASHARIYANTO', 'Desa Randuagung, Dusun Langsepan , RT 2 RW 10', '2020-02-01', 1),
('00942', 'ARDI/RIQZA', 'Desa Ledoktempuro, Dusun Krajan , RT  RW', '2020-02-01', 1),
('00943', 'ALBY', 'Desa Randuagung, Dusun Langsepan , RT 2 RW 10', '2020-02-01', 1),
('00944', 'RARA', 'Desa Ledoktempuro, Dusun Lembenah , RT  RW', '2020-02-01', 1),
('00945', 'FAHRI', 'Desa Ledoktempuro, Dusun Lembenah , RT  RW', '2020-02-01', 1),
('00946', 'INTAN WR', 'Desa Randuagung, Dusun Langsepan , RT 1 RW 9', '2020-02-01', 1),
('00947', 'KOPERASI', 'Desa Ledoktempuro, Dusun Krajan , RT  RW', '2020-02-01', 1),
('00948', 'SAMI', 'Desa Randuagung, Dusun langsepan , RT 2 RW 10', '2020-02-01', 1),
('00949', 'BATMAN', 'Desa Klakah, Dusun  , RT  RW', '2020-02-01', 1),
('00950', 'NUR KHOLIFAH', 'Desa Ranuwurung, Dusun Kramat , RT 3 RW 1', '2020-02-01', 1),
('00951', 'KELAS 8 A', 'Desa , Dusun  , RT  RW', '2020-02-01', 1),
('00952', 'KELAS 8 B (HUSNUL)', 'Desa , Dusun  , RT  RW', '2020-02-01', 1),
('00953', 'MUT SUPIR', 'Desa Pejarakan, Dusun  , RT  RW', '2020-02-01', 1),
('00954', 'PRAMUKA / ENI', 'Desa , Dusun  , RT  RW', '2020-02-01', 1),
('00955', 'MANDALA', 'Desa Randuagung, Dusun Elosan , RT 10 RW 15', '2020-02-01', 1),
('00956', 'UMI H', 'Desa Randuagung, Dusun Krajan , RT 1 RW 2', '2020-02-01', 1),
('00957', 'BOJES', 'Desa Ranuwurung, Dusun Sb.Tumpang , RT 28 RW 4', '2020-02-01', 1),
('00958', 'PAWON EMAK', 'Desa Ledoktempuro, Dusun Krajan , RT 2 RW 1', '2020-02-01', 1),
('00959', 'BAYU', 'Desa Ledoktempuro, Dusun Lembenah , RT 6 RW 5', '2020-02-01', 1),
('00960', 'RATIH', 'Desa Ledoktempuro, Dusun  , RT  RW', '2020-02-01', 1),
('00961', 'VIVI', 'Desa Ledoktempuro, Dusun Lembenah , RT  RW', '2020-02-01', 1),
('00962', 'NURHAYATI /4562', 'Desa Ledoktempuro, Dusun  , RT  RW', '2020-02-01', 1),
('00963', 'RUBET 2 pkm', 'Desa Kalipenggung, Dusun Krajan I , RT 2 RW 1', '2020-02-01', 1),
('00964', 'WENDI', 'Desa Ledoktempuro, Dusun Lembenah , RT 6 RW 6', '2020-02-01', 1),
('00965', 'SAPU\'AH', 'Desa Tegal Bangsri, Dusun Krajan , RT 7 RW 4', '2020-02-01', 1),
('00966', 'MELIA DWI', 'Desa Tunjung, Dusun Krajan I , RT 1 RW 1', '2020-02-01', 1),
('00967', 'SUYED', 'Desa Ledoktempuro, Dusun Krajan , RT 5 RW 1', '2020-02-01', 1),
('00968', 'NOVI DIAN A', 'Desa Kudus, Dusun Krajan , RT 4 RW 1', '2020-02-01', 1),
('00969', 'TIMA', 'Desa Ledoktempuro, Dusun Lembenah , RT 7 RW 6', '2020-02-01', 1),
('00970', 'SLAMET', 'Desa Ledoktempuro, Dusun Krajan , RT 4 RW 1', '2020-02-01', 1),
('00971', 'NUR HARYADI', 'Desa Tunjung, Dusun Krajan I , RT 1 RW 1', '2020-02-01', 1),
('00972', 'IDEH', 'Desa Randuagung, Dusun Elosan , RT 10 RW 15', '2020-02-01', 1),
('00973', 'MARITI', 'Desa Ledoktempuro, Dusun Darungan , RT 2 RW 7', '2020-02-01', 1),
('00974', 'FARIDA SD LEDOK', 'Desa Ledoktempuro, Dusun Krajan , RT 4 RW 1', '2020-02-01', 1),
('00975', 'LAILY', 'Desa Ledoktempuro, Dusun Lembenah , RT 3 RW 4', '2020-02-01', 1),
('00976', 'AGUS MUHALLIFI', 'Desa Ledoktempuro, Dusun Krajan , RT 4 RW 1', '2020-02-01', 1),
('00977', 'WULAN', 'Desa Randuagung, Dusun Lengsepan , RT 2 RW 10', '2020-02-01', 1),
('00978', 'OZIL', 'Desa Randuagung, Dusun Lengsepan , RT 2 RW 10', '2020-02-01', 1),
('00979', 'TIRA', 'Desa Ledoktempuro, Dusun Curahtekor , RT 9 RW 4', '2020-02-01', 1),
('00980', 'MARLIS', 'Desa Randuagung, Dusun Elosan , RT 10 RW 15', '2020-02-01', 1),
('00981', 'YUSUP', 'Desa Randuagung, Dusun Elosan , RT 10 RW 15', '2020-02-01', 1),
('00982', 'ANDRI FEBRIANTO', 'Desa Ledoktempuro, Dusun Suko , RT 1 RW 1', '2020-02-01', 1),
('00983', 'WIWIN KARMILAWATI', 'Desa Ledoktempuro, Dusun Darungan , RT 9 RW 8', '2020-02-01', 1),
('00984', 'ANA NAURA', 'Desa Ledoktempuro, Dusun Curahtekor , RT 9 RW 4', '2020-02-01', 1),
('00985', 'SUKARTI', 'Desa Ledoktempuro, Dusun Lembenah , RT 5 RW 4', '2020-02-01', 1),
('00986', 'IRMAWATI', 'Desa Ledoktempuro, Dusun Krajan , RT 3 RW 1', '2020-02-01', 1),
('00987', 'ZAHRA', 'Desa Ledoktempuro, Dusun Curahtekor , RT 7 RW 4', '2020-02-01', 1),
('00988', 'B.SRI', 'Desa Ledoktempuro, Dusun Lembenah , RT 7 RW 5', '2020-02-01', 1),
('00989', 'PONINGSIH', 'Desa Ledoktempuro, Dusun Lembenah , RT 7 RW 5', '2020-02-01', 1),
('00990', 'B.SIATI EMI', 'Desa Ledoktempuro, Dusun Curahtekor , RT 9 RW 4', '2020-02-01', 1),
('00991', 'DIVA', 'Desa Randuagung, Dusun Langsepan , RT 2 RW 10', '2020-02-01', 1);

-- --------------------------------------------------------

--
-- Struktur dari tabel `log_activity`
--

CREATE TABLE `log_activity` (
  `id_log_activity` int(11) NOT NULL,
  `id_user` int(2) NOT NULL,
  `datetime` datetime NOT NULL,
  `keterangan` text NOT NULL
) ENGINE=InnoDB DEFAULT CHARSET=latin1;

--
-- Dumping data untuk tabel `log_activity`
--

INSERT INTO `log_activity` (`id_log_activity`, `id_user`, `datetime`, `keterangan`) VALUES
(1, 1, '2020-02-26 22:19:13', 'Menginput transaksi simuda dari no rekening000002'),
(2, 1, '2020-02-26 22:19:13', 'Menginput transaksi simuda dari no rekening000009'),
(3, 1, '2020-02-26 22:19:13', 'Menginput transaksi simuda dari no rekening000012'),
(4, 1, '2020-02-26 22:19:13', 'Menginput transaksi simuda dari no rekening000020'),
(5, 1, '2020-02-26 22:19:13', 'Menginput transaksi simuda dari no rekening000026'),
(6, 1, '2020-02-26 22:19:13', 'Menginput transaksi simuda dari no rekening000027'),
(7, 1, '2020-02-26 22:19:13', 'Menginput transaksi simuda dari no rekening000029'),
(8, 1, '2020-02-26 22:19:13', 'Menginput transaksi simuda dari no rekening000033'),
(9, 1, '2020-02-26 22:19:13', 'Menginput transaksi simuda dari no rekening000050'),
(10, 1, '2020-02-26 22:19:13', 'Menginput transaksi simuda dari no rekening000052'),
(11, 1, '2020-02-26 22:19:13', 'Menginput transaksi simuda dari no rekening000063'),
(12, 1, '2020-02-26 22:19:13', 'Menginput transaksi simuda dari no rekening000078'),
(13, 1, '2020-02-26 22:19:13', 'Menginput transaksi simuda dari no rekening000132'),
(14, 1, '2020-02-26 22:19:13', 'Menginput transaksi simuda dari no rekening000164'),
(15, 1, '2020-02-26 22:19:13', 'Menginput transaksi simuda dari no rekening000188'),
(16, 1, '2020-02-26 22:19:13', 'Menginput transaksi simuda dari no rekening000239'),
(17, 1, '2020-02-26 22:19:13', 'Menginput transaksi simuda dari no rekening000338'),
(18, 1, '2020-02-26 22:19:13', 'Menginput transaksi simuda dari no rekening000342'),
(19, 1, '2020-02-26 22:19:13', 'Menginput transaksi simuda dari no rekening000358'),
(20, 1, '2020-02-26 22:19:13', 'Menginput transaksi simuda dari no rekening000360'),
(21, 1, '2020-02-26 22:19:13', 'Menginput transaksi simuda dari no rekening000362'),
(22, 1, '2020-02-26 22:19:13', 'Menginput transaksi simuda dari no rekening000371'),
(23, 1, '2020-02-26 22:19:13', 'Menginput transaksi simuda dari no rekening000389'),
(24, 1, '2020-02-26 22:19:13', 'Menginput transaksi simuda dari no rekening000411'),
(25, 1, '2020-02-26 22:19:13', 'Menginput transaksi simuda dari no rekening000433'),
(26, 1, '2020-02-26 22:19:13', 'Menginput transaksi simuda dari no rekening000437'),
(27, 1, '2020-02-26 22:19:13', 'Menginput transaksi simuda dari no rekening000472'),
(28, 1, '2020-02-26 22:19:13', 'Menginput transaksi simuda dari no rekening000490'),
(29, 1, '2020-02-26 22:19:13', 'Menginput transaksi simuda dari no rekening000533'),
(30, 1, '2020-02-26 22:19:13', 'Menginput transaksi simuda dari no rekening000642'),
(31, 1, '2020-02-26 22:19:13', 'Menginput transaksi simuda dari no rekening000654'),
(32, 1, '2020-02-26 22:19:13', 'Menginput transaksi simuda dari no rekening000704'),
(33, 1, '2020-02-26 22:19:13', 'Menginput transaksi simuda dari no rekening000848'),
(34, 1, '2020-02-26 22:19:13', 'Menginput transaksi simuda dari no rekening000905'),
(35, 1, '2020-02-26 22:19:13', 'Menginput transaksi simuda dari no rekening000927'),
(36, 1, '2020-02-26 22:19:13', 'Menginput transaksi simuda dari no rekening000937'),
(37, 1, '2020-02-26 22:19:13', 'Menginput transaksi simuda dari no rekening000938'),
(38, 1, '2020-02-26 22:19:13', 'Menginput transaksi simuda dari no rekening001021'),
(39, 1, '2020-02-26 22:19:13', 'Menginput transaksi simuda dari no rekening001022'),
(40, 1, '2020-02-26 22:19:13', 'Menginput transaksi simuda dari no rekening001084'),
(41, 1, '2020-02-26 22:19:13', 'Menginput transaksi simuda dari no rekening001100'),
(42, 1, '2020-02-26 22:19:13', 'Menginput transaksi simuda dari no rekening001104'),
(43, 1, '2020-02-26 22:19:13', 'Menginput transaksi simuda dari no rekening001152'),
(44, 1, '2020-02-26 22:19:13', 'Menginput transaksi simuda dari no rekening001233'),
(45, 1, '2020-02-26 22:19:13', 'Menginput transaksi simuda dari no rekening001246'),
(46, 1, '2020-02-26 22:19:13', 'Menginput transaksi simuda dari no rekening001248'),
(47, 1, '2020-02-26 22:19:13', 'Menginput transaksi simuda dari no rekening001249'),
(48, 1, '2020-02-26 22:19:13', 'Menginput transaksi simuda dari no rekening001256'),
(49, 1, '2020-02-26 22:19:13', 'Menginput transaksi simuda dari no rekening001342'),
(50, 1, '2020-02-26 22:19:13', 'Menginput transaksi simuda dari no rekening001346'),
(51, 1, '2020-02-26 22:19:13', 'Menginput transaksi simuda dari no rekening001364'),
(52, 1, '2020-02-26 22:19:13', 'Menginput transaksi simuda dari no rekening001372'),
(53, 1, '2020-02-26 22:19:13', 'Menginput transaksi simuda dari no rekening001375'),
(54, 1, '2020-02-26 22:19:13', 'Menginput transaksi simuda dari no rekening001389'),
(55, 1, '2020-02-26 22:19:13', 'Menginput transaksi simuda dari no rekening001429'),
(56, 1, '2020-02-26 22:19:13', 'Menginput transaksi simuda dari no rekening001578'),
(57, 1, '2020-02-26 22:19:13', 'Menginput transaksi simuda dari no rekening001582'),
(58, 1, '2020-02-26 22:19:13', 'Menginput transaksi simuda dari no rekening001593'),
(59, 1, '2020-02-26 22:19:13', 'Menginput transaksi simuda dari no rekening001656'),
(60, 1, '2020-02-26 22:19:13', 'Menginput transaksi simuda dari no rekening001712'),
(61, 1, '2020-02-26 22:19:13', 'Menginput transaksi simuda dari no rekening001713'),
(62, 1, '2020-02-26 22:19:13', 'Menginput transaksi simuda dari no rekening001724'),
(63, 1, '2020-02-26 22:19:13', 'Menginput transaksi simuda dari no rekening001768'),
(64, 1, '2020-02-26 22:19:13', 'Menginput transaksi simuda dari no rekening001797'),
(65, 1, '2020-02-26 22:19:13', 'Menginput transaksi simuda dari no rekening001809'),
(66, 1, '2020-02-26 22:19:13', 'Menginput transaksi simuda dari no rekening001812'),
(67, 1, '2020-02-26 22:19:13', 'Menginput transaksi simuda dari no rekening001822'),
(68, 1, '2020-02-26 22:19:13', 'Menginput transaksi simuda dari no rekening001850'),
(69, 1, '2020-02-26 22:19:13', 'Menginput transaksi simuda dari no rekening001858'),
(70, 1, '2020-02-26 22:19:13', 'Menginput transaksi simuda dari no rekening001861'),
(71, 1, '2020-02-26 22:19:13', 'Menginput transaksi simuda dari no rekening001933'),
(72, 1, '2020-02-26 22:19:13', 'Menginput transaksi simuda dari no rekening001939'),
(73, 1, '2020-02-26 22:19:13', 'Menginput transaksi simuda dari no rekening001946'),
(74, 1, '2020-02-26 22:19:13', 'Menginput transaksi simuda dari no rekening001948'),
(75, 1, '2020-02-26 22:19:13', 'Menginput transaksi simuda dari no rekening001978'),
(76, 1, '2020-02-26 22:19:13', 'Menginput transaksi simuda dari no rekening002026'),
(77, 1, '2020-02-26 22:19:13', 'Menginput transaksi simuda dari no rekening002028'),
(78, 1, '2020-02-26 22:19:13', 'Menginput transaksi simuda dari no rekening002043'),
(79, 1, '2020-02-26 22:19:13', 'Menginput transaksi simuda dari no rekening002047'),
(80, 1, '2020-02-26 22:19:13', 'Menginput transaksi simuda dari no rekening002113'),
(81, 1, '2020-02-26 22:19:13', 'Menginput transaksi simuda dari no rekening002117'),
(82, 1, '2020-02-26 22:19:13', 'Menginput transaksi simuda dari no rekening002124'),
(83, 1, '2020-02-26 22:19:13', 'Menginput transaksi simuda dari no rekening002140'),
(84, 1, '2020-02-26 22:19:13', 'Menginput transaksi simuda dari no rekening002146'),
(85, 1, '2020-02-26 22:19:13', 'Menginput transaksi simuda dari no rekening002150'),
(86, 1, '2020-02-26 22:19:13', 'Menginput transaksi simuda dari no rekening002176'),
(87, 1, '2020-02-26 22:19:13', 'Menginput transaksi simuda dari no rekening002177'),
(88, 1, '2020-02-26 22:19:13', 'Menginput transaksi simuda dari no rekening002183'),
(89, 1, '2020-02-26 22:19:13', 'Menginput transaksi simuda dari no rekening002199'),
(90, 1, '2020-02-26 22:19:13', 'Menginput transaksi simuda dari no rekening002201'),
(91, 1, '2020-02-26 22:19:13', 'Menginput transaksi simuda dari no rekening002229'),
(92, 1, '2020-02-26 22:19:13', 'Menginput transaksi simuda dari no rekening002230'),
(93, 1, '2020-02-26 22:19:13', 'Menginput transaksi simuda dari no rekening002235'),
(94, 1, '2020-02-26 22:19:13', 'Menginput transaksi simuda dari no rekening002259'),
(95, 1, '2020-02-26 22:19:13', 'Menginput transaksi simuda dari no rekening002302'),
(96, 1, '2020-02-26 22:19:13', 'Menginput transaksi simuda dari no rekening002303'),
(97, 1, '2020-02-26 22:19:13', 'Menginput transaksi simuda dari no rekening002311'),
(98, 1, '2020-02-26 22:19:13', 'Menginput transaksi simuda dari no rekening002322'),
(99, 1, '2020-02-26 22:19:13', 'Menginput transaksi simuda dari no rekening002335'),
(100, 1, '2020-02-26 22:19:13', 'Menginput transaksi simuda dari no rekening002386'),
(101, 1, '2020-02-26 22:19:13', 'Menginput transaksi simuda dari no rekening002401'),
(102, 1, '2020-02-26 22:19:13', 'Menginput transaksi simuda dari no rekening002425'),
(103, 1, '2020-02-26 22:19:13', 'Menginput transaksi simuda dari no rekening002433'),
(104, 1, '2020-02-26 22:19:13', 'Menginput transaksi simuda dari no rekening002440'),
(105, 1, '2020-02-26 22:19:13', 'Menginput transaksi simuda dari no rekening002450'),
(106, 1, '2020-02-26 22:19:13', 'Menginput transaksi simuda dari no rekening002497'),
(107, 1, '2020-02-26 22:19:13', 'Menginput transaksi simuda dari no rekening002498'),
(108, 1, '2020-02-26 22:19:13', 'Menginput transaksi simuda dari no rekening002559'),
(109, 1, '2020-02-26 22:19:13', 'Menginput transaksi simuda dari no rekening002563'),
(110, 1, '2020-02-26 22:19:13', 'Menginput transaksi simuda dari no rekening002575'),
(111, 1, '2020-02-26 22:19:13', 'Menginput transaksi simuda dari no rekening002576'),
(112, 1, '2020-02-26 22:19:13', 'Menginput transaksi simuda dari no rekening002587'),
(113, 1, '2020-02-26 22:19:13', 'Menginput transaksi simuda dari no rekening002592'),
(114, 1, '2020-02-26 22:19:13', 'Menginput transaksi simuda dari no rekening002627'),
(115, 1, '2020-02-26 22:19:13', 'Menginput transaksi simuda dari no rekening002635'),
(116, 1, '2020-02-26 22:19:13', 'Menginput transaksi simuda dari no rekening002646'),
(117, 1, '2020-02-26 22:19:13', 'Menginput transaksi simuda dari no rekening002658'),
(118, 1, '2020-02-26 22:19:13', 'Menginput transaksi simuda dari no rekening002700'),
(119, 1, '2020-02-26 22:19:13', 'Menginput transaksi simuda dari no rekening002704'),
(120, 1, '2020-02-26 22:19:13', 'Menginput transaksi simuda dari no rekening002724'),
(121, 1, '2020-02-26 22:19:13', 'Menginput transaksi simuda dari no rekening002752'),
(122, 1, '2020-02-26 22:19:13', 'Menginput transaksi simuda dari no rekening002779'),
(123, 1, '2020-02-26 22:19:13', 'Menginput transaksi simuda dari no rekening002810'),
(124, 1, '2020-02-26 22:19:13', 'Menginput transaksi simuda dari no rekening002827'),
(125, 1, '2020-02-26 22:19:13', 'Menginput transaksi simuda dari no rekening002829'),
(126, 1, '2020-02-26 22:19:13', 'Menginput transaksi simuda dari no rekening002832'),
(127, 1, '2020-02-26 22:19:13', 'Menginput transaksi simuda dari no rekening002836'),
(128, 1, '2020-02-26 22:19:13', 'Menginput transaksi simuda dari no rekening002875'),
(129, 1, '2020-02-26 22:19:13', 'Menginput transaksi simuda dari no rekening002939'),
(130, 1, '2020-02-26 22:19:13', 'Menginput transaksi simuda dari no rekening002973'),
(131, 1, '2020-02-26 22:19:13', 'Menginput transaksi simuda dari no rekening002990'),
(132, 1, '2020-02-26 22:19:13', 'Menginput transaksi simuda dari no rekening002991'),
(133, 1, '2020-02-26 22:19:13', 'Menginput transaksi simuda dari no rekening003009'),
(134, 1, '2020-02-26 22:19:13', 'Menginput transaksi simuda dari no rekening003010'),
(135, 1, '2020-02-26 22:19:13', 'Menginput transaksi simuda dari no rekening003013'),
(136, 1, '2020-02-26 22:19:13', 'Menginput transaksi simuda dari no rekening003027'),
(137, 1, '2020-02-26 22:19:13', 'Menginput transaksi simuda dari no rekening003042'),
(138, 1, '2020-02-26 22:19:13', 'Menginput transaksi simuda dari no rekening003086'),
(139, 1, '2020-02-26 22:19:13', 'Menginput transaksi simuda dari no rekening003096'),
(140, 1, '2020-02-26 22:19:13', 'Menginput transaksi simuda dari no rekening003098'),
(141, 1, '2020-02-26 22:19:13', 'Menginput transaksi simuda dari no rekening003100'),
(142, 1, '2020-02-26 22:19:13', 'Menginput transaksi simuda dari no rekening003102'),
(143, 1, '2020-02-26 22:19:13', 'Menginput transaksi simuda dari no rekening003117'),
(144, 1, '2020-02-26 22:19:13', 'Menginput transaksi simuda dari no rekening003118'),
(145, 1, '2020-02-26 22:19:13', 'Menginput transaksi simuda dari no rekening003167'),
(146, 1, '2020-02-26 22:19:13', 'Menginput transaksi simuda dari no rekening003178'),
(147, 1, '2020-02-26 22:19:13', 'Menginput transaksi simuda dari no rekening003188'),
(148, 1, '2020-02-26 22:19:13', 'Menginput transaksi simuda dari no rekening003202'),
(149, 1, '2020-02-26 22:19:13', 'Menginput transaksi simuda dari no rekening003264'),
(150, 1, '2020-02-26 22:19:13', 'Menginput transaksi simuda dari no rekening003265'),
(151, 1, '2020-02-26 22:19:13', 'Menginput transaksi simuda dari no rekening003268'),
(152, 1, '2020-02-26 22:19:13', 'Menginput transaksi simuda dari no rekening003311'),
(153, 1, '2020-02-26 22:19:13', 'Menginput transaksi simuda dari no rekening003315'),
(154, 1, '2020-02-26 22:19:13', 'Menginput transaksi simuda dari no rekening003330'),
(155, 1, '2020-02-26 22:19:13', 'Menginput transaksi simuda dari no rekening003331'),
(156, 1, '2020-02-26 22:19:13', 'Menginput transaksi simuda dari no rekening003333'),
(157, 1, '2020-02-26 22:19:13', 'Menginput transaksi simuda dari no rekening003335'),
(158, 1, '2020-02-26 22:19:13', 'Menginput transaksi simuda dari no rekening003344'),
(159, 1, '2020-02-26 22:19:13', 'Menginput transaksi simuda dari no rekening003353'),
(160, 1, '2020-02-26 22:19:13', 'Menginput transaksi simuda dari no rekening003377'),
(161, 1, '2020-02-26 22:19:13', 'Menginput transaksi simuda dari no rekening003381'),
(162, 1, '2020-02-26 22:19:13', 'Menginput transaksi simuda dari no rekening003395'),
(163, 1, '2020-02-26 22:19:13', 'Menginput transaksi simuda dari no rekening003401'),
(164, 1, '2020-02-26 22:19:13', 'Menginput transaksi simuda dari no rekening003402'),
(165, 1, '2020-02-26 22:19:13', 'Menginput transaksi simuda dari no rekening003404'),
(166, 1, '2020-02-26 22:19:13', 'Menginput transaksi simuda dari no rekening003407'),
(167, 1, '2020-02-26 22:19:13', 'Menginput transaksi simuda dari no rekening003410'),
(168, 1, '2020-02-26 22:19:13', 'Menginput transaksi simuda dari no rekening003417'),
(169, 1, '2020-02-26 22:19:13', 'Menginput transaksi simuda dari no rekening003435'),
(170, 1, '2020-02-26 22:19:13', 'Menginput transaksi simuda dari no rekening003443'),
(171, 1, '2020-02-26 22:19:13', 'Menginput transaksi simuda dari no rekening003451'),
(172, 1, '2020-02-26 22:19:13', 'Menginput transaksi simuda dari no rekening003454'),
(173, 1, '2020-02-26 22:19:13', 'Menginput transaksi simuda dari no rekening003458'),
(174, 1, '2020-02-26 22:19:13', 'Menginput transaksi simuda dari no rekening003459'),
(175, 1, '2020-02-26 22:19:13', 'Menginput transaksi simuda dari no rekening003463'),
(176, 1, '2020-02-26 22:19:13', 'Menginput transaksi simuda dari no rekening003469'),
(177, 1, '2020-02-26 22:19:13', 'Menginput transaksi simuda dari no rekening003471'),
(178, 1, '2020-02-26 22:19:13', 'Menginput transaksi simuda dari no rekening003493'),
(179, 1, '2020-02-26 22:19:13', 'Menginput transaksi simuda dari no rekening003494'),
(180, 1, '2020-02-26 22:19:13', 'Menginput transaksi simuda dari no rekening003511'),
(181, 1, '2020-02-26 22:19:13', 'Menginput transaksi simuda dari no rekening003519'),
(182, 1, '2020-02-26 22:19:13', 'Menginput transaksi simuda dari no rekening003530'),
(183, 1, '2020-02-26 22:19:13', 'Menginput transaksi simuda dari no rekening003533'),
(184, 1, '2020-02-26 22:19:13', 'Menginput transaksi simuda dari no rekening003548'),
(185, 1, '2020-02-26 22:19:13', 'Menginput transaksi simuda dari no rekening003559'),
(186, 1, '2020-02-26 22:19:13', 'Menginput transaksi simuda dari no rekening003561'),
(187, 1, '2020-02-26 22:19:13', 'Menginput transaksi simuda dari no rekening003562'),
(188, 1, '2020-02-26 22:19:13', 'Menginput transaksi simuda dari no rekening003565'),
(189, 1, '2020-02-26 22:19:13', 'Menginput transaksi simuda dari no rekening003568'),
(190, 1, '2020-02-26 22:19:13', 'Menginput transaksi simuda dari no rekening003606'),
(191, 1, '2020-02-26 22:19:13', 'Menginput transaksi simuda dari no rekening003616'),
(192, 1, '2020-02-26 22:19:13', 'Menginput transaksi simuda dari no rekening003629'),
(193, 1, '2020-02-26 22:19:13', 'Menginput transaksi simuda dari no rekening003633'),
(194, 1, '2020-02-26 22:19:13', 'Menginput transaksi simuda dari no rekening003640'),
(195, 1, '2020-02-26 22:19:13', 'Menginput transaksi simuda dari no rekening003652'),
(196, 1, '2020-02-26 22:19:13', 'Menginput transaksi simuda dari no rekening003653'),
(197, 1, '2020-02-26 22:19:13', 'Menginput transaksi simuda dari no rekening003677'),
(198, 1, '2020-02-26 22:19:13', 'Menginput transaksi simuda dari no rekening003693'),
(199, 1, '2020-02-26 22:19:13', 'Menginput transaksi simuda dari no rekening003694'),
(200, 1, '2020-02-26 22:19:13', 'Menginput transaksi simuda dari no rekening003701'),
(201, 1, '2020-02-26 22:19:13', 'Menginput transaksi simuda dari no rekening003702'),
(202, 1, '2020-02-26 22:19:13', 'Menginput transaksi simuda dari no rekening003705'),
(203, 1, '2020-02-26 22:19:13', 'Menginput transaksi simuda dari no rekening003707'),
(204, 1, '2020-02-26 22:19:13', 'Menginput transaksi simuda dari no rekening003711'),
(205, 1, '2020-02-26 22:19:13', 'Menginput transaksi simuda dari no rekening003726'),
(206, 1, '2020-02-26 22:19:13', 'Menginput transaksi simuda dari no rekening003736'),
(207, 1, '2020-02-26 22:19:13', 'Menginput transaksi simuda dari no rekening003745'),
(208, 1, '2020-02-26 22:19:13', 'Menginput transaksi simuda dari no rekening003756'),
(209, 1, '2020-02-26 22:19:13', 'Menginput transaksi simuda dari no rekening003766'),
(210, 1, '2020-02-26 22:19:13', 'Menginput transaksi simuda dari no rekening003768'),
(211, 1, '2020-02-26 22:19:13', 'Menginput transaksi simuda dari no rekening003780'),
(212, 1, '2020-02-26 22:19:13', 'Menginput transaksi simuda dari no rekening003781'),
(213, 1, '2020-02-26 22:19:13', 'Menginput transaksi simuda dari no rekening003785'),
(214, 1, '2020-02-26 22:19:13', 'Menginput transaksi simuda dari no rekening003786'),
(215, 1, '2020-02-26 22:19:13', 'Menginput transaksi simuda dari no rekening003787'),
(216, 1, '2020-02-26 22:19:13', 'Menginput transaksi simuda dari no rekening003793'),
(217, 1, '2020-02-26 22:19:13', 'Menginput transaksi simuda dari no rekening003797'),
(218, 1, '2020-02-26 22:19:13', 'Menginput transaksi simuda dari no rekening003798'),
(219, 1, '2020-02-26 22:19:13', 'Menginput transaksi simuda dari no rekening003800'),
(220, 1, '2020-02-26 22:19:13', 'Menginput transaksi simuda dari no rekening003806'),
(221, 1, '2020-02-26 22:19:13', 'Menginput transaksi simuda dari no rekening003811'),
(222, 1, '2020-02-26 22:19:13', 'Menginput transaksi simuda dari no rekening003824'),
(223, 1, '2020-02-26 22:19:13', 'Menginput transaksi simuda dari no rekening003829'),
(224, 1, '2020-02-26 22:19:13', 'Menginput transaksi simuda dari no rekening003840'),
(225, 1, '2020-02-26 22:19:13', 'Menginput transaksi simuda dari no rekening003845'),
(226, 1, '2020-02-26 22:19:13', 'Menginput transaksi simuda dari no rekening003846'),
(227, 1, '2020-02-26 22:19:13', 'Menginput transaksi simuda dari no rekening003850'),
(228, 1, '2020-02-26 22:19:13', 'Menginput transaksi simuda dari no rekening003852'),
(229, 1, '2020-02-26 22:19:13', 'Menginput transaksi simuda dari no rekening003854'),
(230, 1, '2020-02-26 22:19:13', 'Menginput transaksi simuda dari no rekening003857'),
(231, 1, '2020-02-26 22:19:13', 'Menginput transaksi simuda dari no rekening003864'),
(232, 1, '2020-02-26 22:19:13', 'Menginput transaksi simuda dari no rekening003866'),
(233, 1, '2020-02-26 22:19:13', 'Menginput transaksi simuda dari no rekening003869'),
(234, 1, '2020-02-26 22:19:13', 'Menginput transaksi simuda dari no rekening003872'),
(235, 1, '2020-02-26 22:19:13', 'Menginput transaksi simuda dari no rekening003874'),
(236, 1, '2020-02-26 22:19:13', 'Menginput transaksi simuda dari no rekening003878'),
(237, 1, '2020-02-26 22:19:13', 'Menginput transaksi simuda dari no rekening003882'),
(238, 1, '2020-02-26 22:19:13', 'Menginput transaksi simuda dari no rekening003884'),
(239, 1, '2020-02-26 22:19:13', 'Menginput transaksi simuda dari no rekening003885'),
(240, 1, '2020-02-26 22:19:13', 'Menginput transaksi simuda dari no rekening003887'),
(241, 1, '2020-02-26 22:19:13', 'Menginput transaksi simuda dari no rekening003894'),
(242, 1, '2020-02-26 22:19:13', 'Menginput transaksi simuda dari no rekening003897'),
(243, 1, '2020-02-26 22:19:13', 'Menginput transaksi simuda dari no rekening003902'),
(244, 1, '2020-02-26 22:19:13', 'Menginput transaksi simuda dari no rekening003906'),
(245, 1, '2020-02-26 22:19:13', 'Menginput transaksi simuda dari no rekening003907'),
(246, 1, '2020-02-26 22:19:13', 'Menginput transaksi simuda dari no rekening003909'),
(247, 1, '2020-02-26 22:19:13', 'Menginput transaksi simuda dari no rekening003911'),
(248, 1, '2020-02-26 22:19:13', 'Menginput transaksi simuda dari no rekening003915'),
(249, 1, '2020-02-26 22:19:13', 'Menginput transaksi simuda dari no rekening003917'),
(250, 1, '2020-02-26 22:19:13', 'Menginput transaksi simuda dari no rekening003921'),
(251, 1, '2020-02-26 22:19:13', 'Menginput transaksi simuda dari no rekening003922'),
(252, 1, '2020-02-26 22:19:13', 'Menginput transaksi simuda dari no rekening003927'),
(253, 1, '2020-02-26 22:19:13', 'Menginput transaksi simuda dari no rekening003930'),
(254, 1, '2020-02-26 22:19:13', 'Menginput transaksi simuda dari no rekening003931'),
(255, 1, '2020-02-26 22:19:13', 'Menginput transaksi simuda dari no rekening003932'),
(256, 1, '2020-02-26 22:19:13', 'Menginput transaksi simuda dari no rekening003936'),
(257, 1, '2020-02-26 22:19:13', 'Menginput transaksi simuda dari no rekening003938'),
(258, 1, '2020-02-26 22:19:13', 'Menginput transaksi simuda dari no rekening003939'),
(259, 1, '2020-02-26 22:19:13', 'Menginput transaksi simuda dari no rekening003946'),
(260, 1, '2020-02-26 22:19:13', 'Menginput transaksi simuda dari no rekening003951'),
(261, 1, '2020-02-26 22:19:13', 'Menginput transaksi simuda dari no rekening003954'),
(262, 1, '2020-02-26 22:19:13', 'Menginput transaksi simuda dari no rekening003955'),
(263, 1, '2020-02-26 22:19:13', 'Menginput transaksi simuda dari no rekening003964'),
(264, 1, '2020-02-26 22:19:13', 'Menginput transaksi simuda dari no rekening003967'),
(265, 1, '2020-02-26 22:19:13', 'Menginput transaksi simuda dari no rekening003975'),
(266, 1, '2020-02-26 22:19:13', 'Menginput transaksi simuda dari no rekening003988'),
(267, 1, '2020-02-26 22:19:13', 'Menginput transaksi simuda dari no rekening004000'),
(268, 1, '2020-02-26 22:19:13', 'Menginput transaksi simuda dari no rekening004004'),
(269, 1, '2020-02-26 22:19:13', 'Menginput transaksi simuda dari no rekening004006'),
(270, 1, '2020-02-26 22:19:13', 'Menginput transaksi simuda dari no rekening004012'),
(271, 1, '2020-02-26 22:19:13', 'Menginput transaksi simuda dari no rekening004015'),
(272, 1, '2020-02-26 22:19:13', 'Menginput transaksi simuda dari no rekening004030'),
(273, 1, '2020-02-26 22:19:13', 'Menginput transaksi simuda dari no rekening004034'),
(274, 1, '2020-02-26 22:19:13', 'Menginput transaksi simuda dari no rekening004036'),
(275, 1, '2020-02-26 22:19:13', 'Menginput transaksi simuda dari no rekening004054'),
(276, 1, '2020-02-26 22:19:13', 'Menginput transaksi simuda dari no rekening004055'),
(277, 1, '2020-02-26 22:19:13', 'Menginput transaksi simuda dari no rekening004056'),
(278, 1, '2020-02-26 22:19:13', 'Menginput transaksi simuda dari no rekening004057'),
(279, 1, '2020-02-26 22:19:13', 'Menginput transaksi simuda dari no rekening004062'),
(280, 1, '2020-02-26 22:19:13', 'Menginput transaksi simuda dari no rekening004064'),
(281, 1, '2020-02-26 22:19:13', 'Menginput transaksi simuda dari no rekening004066'),
(282, 1, '2020-02-26 22:19:13', 'Menginput transaksi simuda dari no rekening004090'),
(283, 1, '2020-02-26 22:19:13', 'Menginput transaksi simuda dari no rekening004137'),
(284, 1, '2020-02-26 22:19:13', 'Menginput transaksi simuda dari no rekening004156'),
(285, 1, '2020-02-26 22:19:13', 'Menginput transaksi simuda dari no rekening004160'),
(286, 1, '2020-02-26 22:19:13', 'Menginput transaksi simuda dari no rekening004161'),
(287, 1, '2020-02-26 22:19:13', 'Menginput transaksi simuda dari no rekening004177'),
(288, 1, '2020-02-26 22:19:13', 'Menginput transaksi simuda dari no rekening004178'),
(289, 1, '2020-02-26 22:19:13', 'Menginput transaksi simuda dari no rekening004189'),
(290, 1, '2020-02-26 22:19:13', 'Menginput transaksi simuda dari no rekening004192'),
(291, 1, '2020-02-26 22:19:13', 'Menginput transaksi simuda dari no rekening004195'),
(292, 1, '2020-02-26 22:19:13', 'Menginput transaksi simuda dari no rekening004196'),
(293, 1, '2020-02-26 22:19:13', 'Menginput transaksi simuda dari no rekening004219'),
(294, 1, '2020-02-26 22:19:13', 'Menginput transaksi simuda dari no rekening004221'),
(295, 1, '2020-02-26 22:19:13', 'Menginput transaksi simuda dari no rekening004222'),
(296, 1, '2020-02-26 22:19:13', 'Menginput transaksi simuda dari no rekening004227'),
(297, 1, '2020-02-26 22:19:13', 'Menginput transaksi simuda dari no rekening004230'),
(298, 1, '2020-02-26 22:19:13', 'Menginput transaksi simuda dari no rekening004231'),
(299, 1, '2020-02-26 22:19:13', 'Menginput transaksi simuda dari no rekening004233'),
(300, 1, '2020-02-26 22:19:13', 'Menginput transaksi simuda dari no rekening004234'),
(301, 1, '2020-02-26 22:19:13', 'Menginput transaksi simuda dari no rekening004235'),
(302, 1, '2020-02-26 22:19:13', 'Menginput transaksi simuda dari no rekening004236'),
(303, 1, '2020-02-26 22:19:13', 'Menginput transaksi simuda dari no rekening004241'),
(304, 1, '2020-02-26 22:19:13', 'Menginput transaksi simuda dari no rekening004246'),
(305, 1, '2020-02-26 22:19:13', 'Menginput transaksi simuda dari no rekening004249'),
(306, 1, '2020-02-26 22:19:13', 'Menginput transaksi simuda dari no rekening004255'),
(307, 1, '2020-02-26 22:19:13', 'Menginput transaksi simuda dari no rekening004261'),
(308, 1, '2020-02-26 22:19:13', 'Menginput transaksi simuda dari no rekening004262'),
(309, 1, '2020-02-26 22:19:13', 'Menginput transaksi simuda dari no rekening004265'),
(310, 1, '2020-02-26 22:19:13', 'Menginput transaksi simuda dari no rekening004275'),
(311, 1, '2020-02-26 22:19:13', 'Menginput transaksi simuda dari no rekening004287'),
(312, 1, '2020-02-26 22:19:13', 'Menginput transaksi simuda dari no rekening004288'),
(313, 1, '2020-02-26 22:19:13', 'Menginput transaksi simuda dari no rekening004292'),
(314, 1, '2020-02-26 22:19:13', 'Menginput transaksi simuda dari no rekening004295'),
(315, 1, '2020-02-26 22:19:13', 'Menginput transaksi simuda dari no rekening004323'),
(316, 1, '2020-02-26 22:19:13', 'Menginput transaksi simuda dari no rekening004329'),
(317, 1, '2020-02-26 22:19:13', 'Menginput transaksi simuda dari no rekening004333'),
(318, 1, '2020-02-26 22:19:13', 'Menginput transaksi simuda dari no rekening004337'),
(319, 1, '2020-02-26 22:19:13', 'Menginput transaksi simuda dari no rekening004343'),
(320, 1, '2020-02-26 22:19:13', 'Menginput transaksi simuda dari no rekening004354'),
(321, 1, '2020-02-26 22:19:13', 'Menginput transaksi simuda dari no rekening004358'),
(322, 1, '2020-02-26 22:19:13', 'Menginput transaksi simuda dari no rekening004361'),
(323, 1, '2020-02-26 22:19:13', 'Menginput transaksi simuda dari no rekening004362'),
(324, 1, '2020-02-26 22:19:13', 'Menginput transaksi simuda dari no rekening004363'),
(325, 1, '2020-02-26 22:19:13', 'Menginput transaksi simuda dari no rekening004371'),
(326, 1, '2020-02-26 22:19:13', 'Menginput transaksi simuda dari no rekening004374'),
(327, 1, '2020-02-26 22:19:13', 'Menginput transaksi simuda dari no rekening004375'),
(328, 1, '2020-02-26 22:19:13', 'Menginput transaksi simuda dari no rekening004376'),
(329, 1, '2020-02-26 22:19:13', 'Menginput transaksi simuda dari no rekening004380'),
(330, 1, '2020-02-26 22:19:13', 'Menginput transaksi simuda dari no rekening004381'),
(331, 1, '2020-02-26 22:19:13', 'Menginput transaksi simuda dari no rekening004386'),
(332, 1, '2020-02-26 22:19:13', 'Menginput transaksi simuda dari no rekening004388'),
(333, 1, '2020-02-26 22:19:13', 'Menginput transaksi simuda dari no rekening004392'),
(334, 1, '2020-02-26 22:19:13', 'Menginput transaksi simuda dari no rekening004404'),
(335, 1, '2020-02-26 22:19:13', 'Menginput transaksi simuda dari no rekening004406'),
(336, 1, '2020-02-26 22:19:13', 'Menginput transaksi simuda dari no rekening004431'),
(337, 1, '2020-02-26 22:19:13', 'Menginput transaksi simuda dari no rekening004432'),
(338, 1, '2020-02-26 22:19:13', 'Menginput transaksi simuda dari no rekening004433'),
(339, 1, '2020-02-26 22:19:13', 'Menginput transaksi simuda dari no rekening004440'),
(340, 1, '2020-02-26 22:19:13', 'Menginput transaksi simuda dari no rekening004441'),
(341, 1, '2020-02-26 22:19:13', 'Menginput transaksi simuda dari no rekening004459'),
(342, 1, '2020-02-26 22:19:13', 'Menginput transaksi simuda dari no rekening004462'),
(343, 1, '2020-02-26 22:19:13', 'Menginput transaksi simuda dari no rekening004463'),
(344, 1, '2020-02-26 22:19:13', 'Menginput transaksi simuda dari no rekening004464'),
(345, 1, '2020-02-26 22:19:13', 'Menginput transaksi simuda dari no rekening004471'),
(346, 1, '2020-02-26 22:19:13', 'Menginput transaksi simuda dari no rekening004484'),
(347, 1, '2020-02-26 22:19:13', 'Menginput transaksi simuda dari no rekening004487'),
(348, 1, '2020-02-26 22:19:13', 'Menginput transaksi simuda dari no rekening004489'),
(349, 1, '2020-02-26 22:19:13', 'Menginput transaksi simuda dari no rekening004495'),
(350, 1, '2020-02-26 22:19:13', 'Menginput transaksi simuda dari no rekening004497'),
(351, 1, '2020-02-26 22:19:13', 'Menginput transaksi simuda dari no rekening004500'),
(352, 1, '2020-02-26 22:19:13', 'Menginput transaksi simuda dari no rekening004505'),
(353, 1, '2020-02-26 22:19:13', 'Menginput transaksi simuda dari no rekening004509'),
(354, 1, '2020-02-26 22:19:13', 'Menginput transaksi simuda dari no rekening004510'),
(355, 1, '2020-02-26 22:19:13', 'Menginput transaksi simuda dari no rekening004532'),
(356, 1, '2020-02-26 22:19:13', 'Menginput transaksi simuda dari no rekening004540'),
(357, 1, '2020-02-26 22:19:13', 'Menginput transaksi simuda dari no rekening004542'),
(358, 1, '2020-02-26 22:19:13', 'Menginput transaksi simuda dari no rekening004546'),
(359, 1, '2020-02-26 22:19:13', 'Menginput transaksi simuda dari no rekening004548'),
(360, 1, '2020-02-26 22:19:13', 'Menginput transaksi simuda dari no rekening004550'),
(361, 1, '2020-02-26 22:19:13', 'Menginput transaksi simuda dari no rekening004557'),
(362, 1, '2020-02-26 22:19:13', 'Menginput transaksi simuda dari no rekening004560'),
(363, 1, '2020-02-26 22:19:13', 'Menginput transaksi simuda dari no rekening004561'),
(364, 1, '2020-02-26 22:19:13', 'Menginput transaksi simuda dari no rekening004562'),
(365, 1, '2020-02-26 22:19:13', 'Menginput transaksi simuda dari no rekening004566'),
(366, 1, '2020-02-26 22:19:13', 'Menginput transaksi simuda dari no rekening004568'),
(367, 1, '2020-02-26 22:19:13', 'Menginput transaksi simuda dari no rekening004571'),
(368, 1, '2020-02-26 22:19:13', 'Menginput transaksi simuda dari no rekening004573'),
(369, 1, '2020-02-26 22:19:13', 'Menginput transaksi simuda dari no rekening004575'),
(370, 1, '2020-02-26 22:19:13', 'Menginput transaksi simuda dari no rekening004577'),
(371, 1, '2020-02-26 22:19:13', 'Menginput transaksi simuda dari no rekening004578'),
(372, 1, '2020-02-26 22:19:13', 'Menginput transaksi simuda dari no rekening004581'),
(373, 1, '2020-02-26 22:19:13', 'Menginput transaksi simuda dari no rekening004584'),
(374, 1, '2020-02-26 22:19:13', 'Menginput transaksi simuda dari no rekening004587'),
(375, 1, '2020-02-26 22:19:13', 'Menginput transaksi simuda dari no rekening004592'),
(376, 1, '2020-02-26 22:19:13', 'Menginput transaksi simuda dari no rekening004593'),
(377, 1, '2020-02-26 22:19:13', 'Menginput transaksi simuda dari no rekening004595'),
(378, 1, '2020-02-26 22:19:13', 'Menginput transaksi simuda dari no rekening004596'),
(379, 1, '2020-02-26 22:19:13', 'Menginput transaksi simuda dari no rekening004597'),
(380, 1, '2020-02-26 22:19:13', 'Menginput transaksi simuda dari no rekening004601'),
(381, 1, '2020-02-26 22:19:13', 'Menginput transaksi simuda dari no rekening004617'),
(382, 1, '2020-02-26 22:19:13', 'Menginput transaksi simuda dari no rekening004623'),
(383, 1, '2020-02-26 22:19:13', 'Menginput transaksi simuda dari no rekening004628'),
(384, 1, '2020-02-26 22:19:13', 'Menginput transaksi simuda dari no rekening004629'),
(385, 1, '2020-02-26 22:19:13', 'Menginput transaksi simuda dari no rekening004645'),
(386, 1, '2020-02-26 22:19:13', 'Menginput transaksi simuda dari no rekening004646'),
(387, 1, '2020-02-26 22:19:13', 'Menginput transaksi simuda dari no rekening004648'),
(388, 1, '2020-02-26 22:19:13', 'Menginput transaksi simuda dari no rekening004653'),
(389, 1, '2020-02-26 22:19:13', 'Menginput transaksi simuda dari no rekening004654'),
(390, 1, '2020-02-26 22:19:13', 'Menginput transaksi simuda dari no rekening004656'),
(391, 1, '2020-02-26 22:19:13', 'Menginput transaksi simuda dari no rekening004657'),
(392, 1, '2020-02-26 22:19:13', 'Menginput transaksi simuda dari no rekening004680'),
(393, 1, '2020-02-26 22:19:13', 'Menginput transaksi simuda dari no rekening004681'),
(394, 1, '2020-02-26 22:19:13', 'Menginput transaksi simuda dari no rekening004686'),
(395, 1, '2020-02-26 22:19:13', 'Menginput transaksi simuda dari no rekening004689'),
(396, 1, '2020-02-26 22:19:13', 'Menginput transaksi simuda dari no rekening004696'),
(397, 1, '2020-02-26 22:19:13', 'Menginput transaksi simuda dari no rekening004699'),
(398, 1, '2020-02-26 22:19:13', 'Menginput transaksi simuda dari no rekening004701'),
(399, 1, '2020-02-26 22:19:13', 'Menginput transaksi simuda dari no rekening004703'),
(400, 1, '2020-02-26 22:19:13', 'Menginput transaksi simuda dari no rekening004713'),
(401, 1, '2020-02-26 22:19:13', 'Menginput transaksi simuda dari no rekening004716'),
(402, 1, '2020-02-26 22:19:13', 'Menginput transaksi simuda dari no rekening004718'),
(403, 1, '2020-02-26 22:19:13', 'Menginput transaksi simuda dari no rekening004720'),
(404, 1, '2020-02-26 22:19:13', 'Menginput transaksi simuda dari no rekening004722'),
(405, 1, '2020-02-26 22:19:13', 'Menginput transaksi simuda dari no rekening004732'),
(406, 1, '2020-02-26 22:19:13', 'Menginput transaksi simuda dari no rekening004735'),
(407, 1, '2020-02-26 22:19:13', 'Menginput transaksi simuda dari no rekening004737'),
(408, 1, '2020-02-26 22:19:13', 'Menginput transaksi simuda dari no rekening004741'),
(409, 1, '2020-02-26 22:19:13', 'Menginput transaksi simuda dari no rekening004749'),
(410, 1, '2020-02-26 22:19:13', 'Menginput transaksi simuda dari no rekening004756'),
(411, 1, '2020-02-26 22:19:13', 'Menginput transaksi simuda dari no rekening004759'),
(412, 1, '2020-02-26 22:19:13', 'Menginput transaksi simuda dari no rekening004760'),
(413, 1, '2020-02-26 22:19:13', 'Menginput transaksi simuda dari no rekening004763'),
(414, 1, '2020-02-26 22:19:13', 'Menginput transaksi simuda dari no rekening004769'),
(415, 1, '2020-02-26 22:19:13', 'Menginput transaksi simuda dari no rekening004770'),
(416, 1, '2020-02-26 22:19:13', 'Menginput transaksi simuda dari no rekening004775'),
(417, 1, '2020-02-26 22:19:13', 'Menginput transaksi simuda dari no rekening004777'),
(418, 1, '2020-02-26 22:19:13', 'Menginput transaksi simuda dari no rekening004778'),
(419, 1, '2020-02-26 22:19:13', 'Menginput transaksi simuda dari no rekening004779'),
(420, 1, '2020-02-26 22:19:13', 'Menginput transaksi simuda dari no rekening004780'),
(421, 1, '2020-02-26 22:19:13', 'Menginput transaksi simuda dari no rekening004781'),
(422, 1, '2020-02-26 22:19:13', 'Menginput transaksi simuda dari no rekening004782'),
(423, 1, '2020-02-26 22:19:13', 'Menginput transaksi simuda dari no rekening004783'),
(424, 1, '2020-02-26 22:19:13', 'Menginput transaksi simuda dari no rekening004784'),
(425, 1, '2020-02-26 22:19:13', 'Menginput transaksi simuda dari no rekening004785'),
(426, 1, '2020-02-26 22:19:13', 'Menginput transaksi simuda dari no rekening004786'),
(427, 1, '2020-02-26 22:19:13', 'Menginput transaksi simuda dari no rekening004787'),
(428, 1, '2020-02-26 22:19:13', 'Menginput transaksi simuda dari no rekening004788'),
(429, 1, '2020-02-26 22:19:13', 'Menginput transaksi simuda dari no rekening004789'),
(430, 1, '2020-02-26 22:19:13', 'Menginput transaksi simuda dari no rekening004791'),
(431, 1, '2020-02-26 22:19:13', 'Menginput transaksi simuda dari no rekening004792'),
(432, 1, '2020-02-26 22:19:13', 'Menginput transaksi simuda dari no rekening004793'),
(433, 1, '2020-02-26 22:19:13', 'Menginput transaksi simuda dari no rekening004794'),
(434, 1, '2020-02-26 22:19:13', 'Menginput transaksi simuda dari no rekening004795'),
(435, 1, '2020-02-26 22:19:13', 'Menginput transaksi simuda dari no rekening004796'),
(436, 1, '2020-02-26 22:19:13', 'Menginput transaksi simuda dari no rekening004798'),
(437, 1, '2020-02-26 22:19:13', 'Menginput transaksi simuda dari no rekening004799'),
(438, 1, '2020-02-26 22:19:13', 'Menginput transaksi simuda dari no rekening004800'),
(439, 1, '2020-02-26 22:19:13', 'Menginput transaksi simuda dari no rekening004803'),
(440, 1, '2020-02-26 22:19:13', 'Menginput transaksi simuda dari no rekening004804'),
(441, 1, '2020-02-26 22:19:13', 'Menginput transaksi simuda dari no rekening004805'),
(442, 1, '2020-02-26 22:19:13', 'Menginput transaksi simuda dari no rekening004806'),
(443, 1, '2020-02-26 22:19:13', 'Menginput transaksi simuda dari no rekening004808'),
(444, 1, '2020-02-26 22:19:13', 'Menginput transaksi simuda dari no rekening004811'),
(445, 1, '2020-02-26 22:19:13', 'Menginput transaksi simuda dari no rekening004812'),
(446, 1, '2020-02-26 22:19:13', 'Menginput transaksi simuda dari no rekening004813'),
(447, 1, '2020-02-26 22:19:13', 'Menginput transaksi simuda dari no rekening004818'),
(448, 1, '2020-02-26 22:19:13', 'Menginput transaksi simuda dari no rekening004820'),
(449, 1, '2020-02-26 22:19:13', 'Menginput transaksi simuda dari no rekening004823'),
(450, 1, '2020-02-26 22:19:13', 'Menginput transaksi simuda dari no rekening004824'),
(451, 1, '2020-02-26 22:19:13', 'Menginput transaksi simuda dari no rekening004829'),
(452, 1, '2020-02-26 22:19:13', 'Menginput transaksi simuda dari no rekening004830'),
(453, 1, '2020-02-26 22:19:13', 'Menginput transaksi simuda dari no rekening004831'),
(454, 1, '2020-02-26 22:19:13', 'Menginput transaksi simuda dari no rekening004832'),
(455, 1, '2020-02-26 22:19:13', 'Menginput transaksi simuda dari no rekening004833'),
(456, 1, '2020-02-26 22:19:13', 'Menginput transaksi simuda dari no rekening004834'),
(457, 1, '2020-02-26 22:19:13', 'Menginput transaksi simuda dari no rekening004836'),
(458, 1, '2020-02-26 22:19:13', 'Menginput transaksi simuda dari no rekening004837'),
(459, 1, '2020-02-26 22:19:13', 'Menginput transaksi simuda dari no rekening004838'),
(460, 1, '2020-02-26 22:19:13', 'Menginput transaksi simuda dari no rekening004839'),
(461, 1, '2020-02-26 22:19:13', 'Menginput transaksi simuda dari no rekening004840'),
(462, 1, '2020-02-26 22:19:13', 'Menginput transaksi simuda dari no rekening004843'),
(463, 1, '2020-02-26 22:19:13', 'Menginput transaksi simuda dari no rekening004845'),
(464, 1, '2020-02-26 22:19:13', 'Menginput transaksi simuda dari no rekening004846'),
(465, 1, '2020-02-26 22:19:13', 'Menginput transaksi simuda dari no rekening004848'),
(466, 1, '2020-02-26 22:19:13', 'Menginput transaksi simuda dari no rekening004850'),
(467, 1, '2020-02-26 22:19:13', 'Menginput transaksi simuda dari no rekening004851'),
(468, 1, '2020-02-26 22:19:13', 'Menginput transaksi simuda dari no rekening004852'),
(469, 1, '2020-02-26 22:19:13', 'Menginput transaksi simuda dari no rekening004854'),
(470, 1, '2020-02-26 22:19:13', 'Menginput transaksi simuda dari no rekening004855'),
(471, 1, '2020-02-26 22:19:13', 'Menginput transaksi simuda dari no rekening004856'),
(472, 1, '2020-02-26 22:19:13', 'Menginput transaksi simuda dari no rekening004858'),
(473, 1, '2020-02-26 22:19:13', 'Menginput transaksi simuda dari no rekening004859'),
(474, 1, '2020-02-26 22:19:13', 'Menginput transaksi simuda dari no rekening004860'),
(475, 1, '2020-02-26 22:19:13', 'Menginput transaksi simuda dari no rekening004861'),
(476, 1, '2020-02-26 22:19:13', 'Menginput transaksi simuda dari no rekening004862'),
(477, 1, '2020-02-26 22:19:13', 'Menginput transaksi simuda dari no rekening004863'),
(478, 1, '2020-02-26 22:19:13', 'Menginput transaksi simuda dari no rekening004864'),
(479, 1, '2020-02-26 22:19:13', 'Menginput transaksi simuda dari no rekening004871'),
(480, 1, '2020-02-26 22:19:13', 'Menginput transaksi simuda dari no rekening004872'),
(481, 1, '2020-02-26 22:19:13', 'Menginput transaksi simuda dari no rekening004873'),
(482, 1, '2020-02-26 22:19:13', 'Menginput transaksi simuda dari no rekening004876'),
(483, 1, '2020-02-26 22:19:13', 'Menginput transaksi simuda dari no rekening004878'),
(484, 1, '2020-02-26 22:19:13', 'Menginput transaksi simuda dari no rekening004879'),
(485, 1, '2020-02-26 22:19:13', 'Menginput transaksi simuda dari no rekening004880'),
(486, 1, '2020-02-26 22:19:13', 'Menginput transaksi simuda dari no rekening004882'),
(487, 1, '2020-02-26 22:19:13', 'Menginput transaksi simuda dari no rekening004883'),
(488, 1, '2020-02-26 22:19:13', 'Menginput transaksi simuda dari no rekening004887'),
(489, 1, '2020-02-26 22:19:13', 'Menginput transaksi simuda dari no rekening004888'),
(490, 1, '2020-02-26 22:19:13', 'Menginput transaksi simuda dari no rekening004889'),
(491, 1, '2020-02-26 22:19:13', 'Menginput transaksi simuda dari no rekening004890'),
(492, 1, '2020-02-26 22:19:13', 'Menginput transaksi simuda dari no rekening004891'),
(493, 1, '2020-02-26 22:19:13', 'Menginput transaksi simuda dari no rekening004892'),
(494, 1, '2020-02-26 22:19:13', 'Menginput transaksi simuda dari no rekening004893'),
(495, 1, '2020-02-26 22:19:13', 'Menginput transaksi simuda dari no rekening004894'),
(496, 1, '2020-02-26 22:19:13', 'Menginput transaksi simuda dari no rekening004895'),
(497, 1, '2020-02-26 22:19:13', 'Menginput transaksi simuda dari no rekening004896'),
(498, 1, '2020-02-26 22:19:13', 'Menginput transaksi simuda dari no rekening004897'),
(499, 1, '2020-02-26 22:19:13', 'Menginput transaksi simuda dari no rekening004898'),
(500, 1, '2020-02-26 22:19:13', 'Menginput transaksi simuda dari no rekening004902'),
(501, 1, '2020-02-26 22:19:13', 'Menginput transaksi simuda dari no rekening004903'),
(502, 1, '2020-02-26 22:19:13', 'Menginput transaksi simuda dari no rekening004904'),
(503, 1, '2020-02-26 22:19:13', 'Menginput transaksi simuda dari no rekening004905'),
(504, 1, '2020-02-26 22:19:13', 'Menginput transaksi simuda dari no rekening004906'),
(505, 1, '2020-02-26 22:19:13', 'Menginput transaksi simuda dari no rekening004907'),
(506, 1, '2020-02-26 22:19:13', 'Menginput transaksi simuda dari no rekening004916'),
(507, 1, '2020-02-26 22:19:13', 'Menginput transaksi simuda dari no rekening004918'),
(508, 1, '2020-02-26 22:19:13', 'Menginput transaksi simuda dari no rekening004919'),
(509, 1, '2020-02-26 22:19:13', 'Menginput transaksi simuda dari no rekening004920'),
(510, 1, '2020-02-26 22:19:13', 'Menginput transaksi simuda dari no rekening004921'),
(511, 1, '2020-02-26 22:19:13', 'Menginput transaksi simuda dari no rekening004922'),
(512, 1, '2020-02-26 22:19:13', 'Menginput transaksi simuda dari no rekening004923'),
(513, 1, '2020-02-26 22:19:13', 'Menginput transaksi simuda dari no rekening004926'),
(514, 1, '2020-02-26 22:19:13', 'Menginput transaksi simuda dari no rekening004927'),
(515, 1, '2020-02-26 22:19:13', 'Menginput transaksi simuda dari no rekening004928'),
(516, 1, '2020-02-26 22:19:13', 'Menginput transaksi simuda dari no rekening004929'),
(517, 1, '2020-02-26 22:19:13', 'Menginput transaksi simuda dari no rekening004930'),
(518, 1, '2020-02-26 22:19:13', 'Menginput transaksi simuda dari no rekening004931'),
(519, 1, '2020-02-26 22:19:13', 'Menginput transaksi simuda dari no rekening004932'),
(520, 1, '2020-02-26 22:19:13', 'Menginput transaksi simuda dari no rekening004935'),
(521, 1, '2020-02-26 22:19:13', 'Menginput transaksi simuda dari no rekening004937'),
(522, 1, '2020-02-26 22:19:13', 'Menginput transaksi simuda dari no rekening004938'),
(523, 1, '2020-02-26 22:19:13', 'Menginput transaksi simuda dari no rekening004939'),
(524, 1, '2020-02-26 22:19:13', 'Menginput transaksi simuda dari no rekening004941'),
(525, 1, '2020-02-26 22:19:13', 'Menginput transaksi simuda dari no rekening004943'),
(526, 1, '2020-02-26 22:19:13', 'Menginput transaksi simuda dari no rekening004944'),
(527, 1, '2020-02-26 22:19:13', 'Menginput transaksi simuda dari no rekening004945'),
(528, 1, '2020-02-26 22:19:13', 'Menginput transaksi simuda dari no rekening004946'),
(529, 1, '2020-02-26 22:19:13', 'Menginput transaksi simuda dari no rekening004949'),
(530, 1, '2020-02-26 22:19:13', 'Menginput transaksi simuda dari no rekening004951'),
(531, 1, '2020-02-26 22:19:13', 'Menginput transaksi simuda dari no rekening004952'),
(532, 1, '2020-02-26 22:19:13', 'Menginput transaksi simuda dari no rekening004954'),
(533, 1, '2020-02-26 22:19:13', 'Menginput transaksi simuda dari no rekening004955'),
(534, 1, '2020-02-26 22:19:13', 'Menginput transaksi simuda dari no rekening004956'),
(535, 1, '2020-02-26 22:19:13', 'Menginput transaksi simuda dari no rekening004958'),
(536, 1, '2020-02-26 22:19:13', 'Menginput transaksi simuda dari no rekening004959'),
(537, 1, '2020-02-26 22:19:13', 'Menginput transaksi simuda dari no rekening004960'),
(538, 1, '2020-02-26 22:19:13', 'Menginput transaksi simuda dari no rekening004961'),
(539, 1, '2020-02-26 22:19:13', 'Menginput transaksi simuda dari no rekening004962'),
(540, 1, '2020-02-26 22:19:13', 'Menginput transaksi simuda dari no rekening004963'),
(541, 1, '2020-02-26 22:19:13', 'Menginput transaksi simuda dari no rekening004964'),
(542, 1, '2020-02-26 22:19:13', 'Menginput transaksi simuda dari no rekening004965'),
(543, 1, '2020-02-26 22:19:13', 'Menginput transaksi simuda dari no rekening004966'),
(544, 1, '2020-02-26 22:19:13', 'Menginput transaksi simuda dari no rekening004967'),
(545, 1, '2020-02-26 22:19:13', 'Menginput transaksi simuda dari no rekening004968'),
(546, 1, '2020-02-26 22:19:13', 'Menginput transaksi simuda dari no rekening004969'),
(547, 1, '2020-02-26 22:19:13', 'Menginput transaksi simuda dari no rekening004970'),
(548, 1, '2020-02-26 22:19:13', 'Menginput transaksi simuda dari no rekening004971'),
(549, 1, '2020-02-26 22:19:13', 'Menginput transaksi simuda dari no rekening004972'),
(550, 1, '2020-02-26 22:19:13', 'Menginput transaksi simuda dari no rekening004973'),
(551, 1, '2020-02-26 22:19:13', 'Menginput transaksi simuda dari no rekening004976'),
(552, 1, '2020-02-26 22:19:13', 'Menginput transaksi simuda dari no rekening004980'),
(553, 1, '2020-02-26 22:19:13', 'Menginput transaksi simuda dari no rekening004982'),
(554, 1, '2020-02-26 22:19:13', 'Menginput transaksi simuda dari no rekening004983'),
(555, 1, '2020-02-26 22:19:13', 'Menginput transaksi simuda dari no rekening004984'),
(556, 1, '2020-02-26 22:19:13', 'Menginput transaksi simuda dari no rekening004985'),
(557, 1, '2020-02-26 22:19:13', 'Menginput transaksi simuda dari no rekening004986'),
(558, 1, '2020-02-26 22:19:13', 'Menginput transaksi simuda dari no rekening004987'),
(559, 1, '2020-02-26 22:19:13', 'Menginput transaksi simuda dari no rekening004988'),
(560, 1, '2020-02-26 22:19:13', 'Menginput transaksi simuda dari no rekening004989'),
(561, 1, '2020-02-26 22:19:13', 'Menginput transaksi simuda dari no rekening004990'),
(562, 1, '2020-02-26 22:19:13', 'Menginput transaksi simuda dari no rekening004991'),
(563, 1, '2020-02-26 22:19:13', 'Menginput transaksi simuda dari no rekening004992'),
(564, 1, '2020-02-26 22:19:13', 'Menginput transaksi simuda dari no rekening004993'),
(565, 1, '2020-02-26 22:19:13', 'Menginput transaksi simuda dari no rekening004994'),
(566, 1, '2020-02-26 22:19:13', 'Menginput transaksi simuda dari no rekening004996'),
(567, 1, '2020-02-26 22:19:13', 'Menginput transaksi simuda dari no rekening004997'),
(568, 1, '2020-02-26 22:19:13', 'Menginput transaksi simuda dari no rekening004998'),
(569, 1, '2020-02-26 22:19:13', 'Menginput transaksi simuda dari no rekening004999'),
(570, 1, '2020-02-26 22:19:13', 'Menginput transaksi simuda dari no rekening005000'),
(571, 1, '2020-02-26 22:19:13', 'Menginput transaksi simuda dari no rekening005001'),
(572, 1, '2020-02-26 22:19:13', 'Menginput transaksi simuda dari no rekening005002'),
(573, 1, '2020-02-26 22:19:13', 'Menginput transaksi simuda dari no rekening005012'),
(574, 1, '2020-02-26 22:19:13', 'Menginput transaksi simuda dari no rekening005013'),
(575, 1, '2020-02-26 22:19:13', 'Menginput transaksi simuda dari no rekening005014'),
(576, 1, '2020-02-26 22:19:13', 'Menginput transaksi simuda dari no rekening005015'),
(577, 1, '2020-02-26 22:19:13', 'Menginput transaksi simuda dari no rekening005016'),
(578, 1, '2020-02-26 22:19:13', 'Menginput transaksi simuda dari no rekening005017'),
(579, 1, '2020-02-26 22:19:13', 'Menginput transaksi simuda dari no rekening005018'),
(580, 1, '2020-02-26 22:19:13', 'Menginput transaksi simuda dari no rekening005019'),
(581, 1, '2020-02-26 22:19:13', 'Menginput transaksi simuda dari no rekening005020'),
(582, 1, '2020-02-26 22:19:13', 'Menginput transaksi simuda dari no rekening005021'),
(583, 1, '2020-02-26 22:19:13', 'Menginput transaksi simuda dari no rekening005022'),
(584, 1, '2020-02-26 22:19:13', 'Menginput transaksi simuda dari no rekening005023'),
(585, 1, '2020-02-26 22:19:13', 'Menginput transaksi simuda dari no rekening005024'),
(586, 1, '2020-02-26 22:19:13', 'Menginput transaksi simuda dari no rekening005025'),
(587, 1, '2020-02-26 22:19:13', 'Menginput transaksi simuda dari no rekening005026'),
(588, 1, '2020-02-26 22:19:13', 'Menginput transaksi simuda dari no rekening005027'),
(589, 1, '2020-02-26 22:19:13', 'Menginput transaksi simuda dari no rekening005028'),
(590, 1, '2020-02-26 22:19:13', 'Menginput transaksi simuda dari no rekening005030'),
(591, 1, '2020-02-26 22:19:13', 'Menginput transaksi simuda dari no rekening005031'),
(592, 1, '2020-02-26 22:19:13', 'Menginput transaksi simuda dari no rekening005032'),
(593, 1, '2020-02-26 22:19:13', 'Menginput transaksi simuda dari no rekening005033'),
(594, 1, '2020-02-26 22:19:13', 'Menginput transaksi simuda dari no rekening005034'),
(595, 1, '2020-02-26 22:19:13', 'Menginput transaksi simuda dari no rekening005035');
INSERT INTO `log_activity` (`id_log_activity`, `id_user`, `datetime`, `keterangan`) VALUES
(596, 1, '2020-02-26 22:19:13', 'Menginput transaksi simuda dari no rekening005036'),
(597, 1, '2020-02-26 22:19:13', 'Menginput transaksi simuda dari no rekening005037'),
(598, 1, '2020-02-26 22:19:13', 'Menginput transaksi simuda dari no rekening005038'),
(599, 1, '2020-02-26 22:19:13', 'Menginput transaksi simuda dari no rekening005039'),
(600, 1, '2020-02-26 22:19:13', 'Menginput transaksi simuda dari no rekening005040'),
(601, 1, '2020-02-26 22:19:13', 'Menginput transaksi simuda dari no rekening005041'),
(602, 1, '2020-02-26 22:19:13', 'Menginput transaksi simuda dari no rekening005042'),
(603, 1, '2020-02-26 22:19:13', 'Menginput transaksi simuda dari no rekening005043'),
(604, 1, '2020-02-26 22:19:13', 'Menginput transaksi simuda dari no rekening005044'),
(605, 1, '2020-02-26 22:19:13', 'Menginput transaksi simuda dari no rekening005045'),
(606, 1, '2020-02-26 22:19:13', 'Menginput transaksi simuda dari no rekening005046'),
(607, 1, '2020-02-26 22:19:13', 'Menginput transaksi simuda dari no rekening005047'),
(608, 1, '2020-02-26 22:19:13', 'Menginput transaksi simuda dari no rekening005048'),
(609, 1, '2020-02-26 22:19:13', 'Menginput transaksi simuda dari no rekening005049'),
(610, 1, '2020-02-26 22:19:13', 'Menginput transaksi simuda dari no rekening005050'),
(611, 1, '2020-02-26 22:19:13', 'Menginput transaksi simuda dari no rekening005051'),
(612, 1, '2020-02-26 22:19:13', 'Menginput transaksi simuda dari no rekening005052'),
(613, 1, '2020-02-26 22:19:13', 'Menginput transaksi simuda dari no rekening005053'),
(614, 1, '2020-02-26 22:19:13', 'Menginput transaksi simuda dari no rekening005054'),
(615, 1, '2020-02-26 22:19:13', 'Menginput transaksi simuda dari no rekening005055'),
(616, 1, '2020-02-26 22:19:13', 'Menginput transaksi simuda dari no rekening005056'),
(617, 1, '2020-02-26 22:19:13', 'Menginput transaksi simuda dari no rekening005057'),
(618, 1, '2020-02-26 22:19:13', 'Menginput transaksi simuda dari no rekening005058'),
(619, 1, '2020-02-26 22:19:13', 'Menginput transaksi simuda dari no rekening005059'),
(620, 1, '2020-02-26 22:19:13', 'Menginput transaksi simuda dari no rekening005060'),
(621, 1, '2020-02-26 22:19:13', 'Menginput transaksi simuda dari no rekening005061'),
(622, 1, '2020-02-26 22:19:13', 'Menginput transaksi simuda dari no rekening005062'),
(623, 1, '2020-02-26 22:19:13', 'Menginput transaksi simuda dari no rekening005063'),
(624, 1, '2020-02-26 22:19:13', 'Menginput transaksi simuda dari no rekening005064'),
(625, 1, '2020-02-26 22:19:13', 'Menginput transaksi simuda dari no rekening005065'),
(626, 1, '2020-02-26 22:19:13', 'Menginput transaksi simuda dari no rekening005066'),
(627, 1, '2020-02-26 22:19:13', 'Menginput transaksi simuda dari no rekening005067'),
(628, 1, '2020-02-26 22:19:13', 'Menginput transaksi simuda dari no rekening005068'),
(629, 1, '2020-02-26 22:19:13', 'Menginput transaksi simuda dari no rekening005069'),
(630, 1, '2020-02-26 22:19:13', 'Menginput transaksi simuda dari no rekening005070'),
(631, 1, '2020-02-26 22:19:13', 'Menginput transaksi simuda dari no rekening005071'),
(632, 1, '2020-02-26 22:19:13', 'Menginput transaksi simuda dari no rekening005073'),
(633, 1, '2020-02-26 22:19:13', 'Menginput transaksi simuda dari no rekening005074'),
(634, 1, '2020-02-26 22:19:13', 'Menginput transaksi simuda dari no rekening005075'),
(635, 1, '2020-02-26 22:19:13', 'Menginput transaksi simuda dari no rekening005077'),
(636, 1, '2020-02-26 22:19:13', 'Menginput transaksi simuda dari no rekening005078'),
(637, 1, '2020-02-26 22:19:13', 'Menginput transaksi simuda dari no rekening005079'),
(638, 1, '2020-02-26 22:19:13', 'Menginput transaksi simuda dari no rekening005080'),
(639, 1, '2020-02-26 22:19:13', 'Menginput transaksi simuda dari no rekening005081'),
(640, 1, '2020-02-26 22:19:13', 'Menginput transaksi simuda dari no rekening005082'),
(641, 1, '2020-02-26 22:19:13', 'Menginput transaksi simuda dari no rekening005083'),
(642, 1, '2020-02-26 22:19:13', 'Menginput transaksi simuda dari no rekening005085'),
(643, 1, '2020-02-26 22:19:13', 'Menginput transaksi simuda dari no rekening005086'),
(644, 1, '2020-02-26 22:19:13', 'Menginput transaksi simuda dari no rekening005087'),
(645, 1, '2020-02-26 22:19:13', 'Menginput transaksi simuda dari no rekening005088'),
(646, 1, '2020-02-26 22:19:13', 'Menginput transaksi simuda dari no rekening005089'),
(647, 1, '2020-02-26 22:19:13', 'Menginput transaksi simuda dari no rekening005090'),
(648, 1, '2020-02-26 22:19:13', 'Menginput transaksi simuda dari no rekening005091'),
(649, 1, '2020-02-26 22:19:13', 'Menginput transaksi simuda dari no rekening005092'),
(650, 1, '2020-02-26 22:19:13', 'Menginput transaksi simuda dari no rekening005093'),
(651, 1, '2020-02-26 22:19:13', 'Menginput transaksi simuda dari no rekening005096'),
(652, 1, '2020-02-26 22:19:13', 'Menginput transaksi simuda dari no rekening005099'),
(653, 1, '2020-02-26 22:19:13', 'Menginput transaksi simuda dari no rekening005100'),
(654, 1, '2020-02-26 22:19:13', 'Menginput transaksi simuda dari no rekening005101'),
(655, 1, '2020-02-26 22:19:13', 'Menginput transaksi simuda dari no rekening005102'),
(656, 1, '2020-02-26 22:19:13', 'Menginput transaksi simuda dari no rekening005103'),
(657, 1, '2020-02-26 22:19:13', 'Menginput transaksi simuda dari no rekening005104'),
(658, 1, '2020-02-26 22:19:13', 'Menginput transaksi simuda dari no rekening005105'),
(659, 1, '2020-02-26 22:19:13', 'Menginput transaksi simuda dari no rekening005106'),
(660, 1, '2020-02-26 22:19:13', 'Menginput transaksi simuda dari no rekening005107'),
(661, 1, '2020-02-26 22:19:13', 'Menginput transaksi simuda dari no rekening005108'),
(662, 1, '2020-02-26 22:19:13', 'Menginput transaksi simuda dari no rekening005109'),
(663, 1, '2020-02-26 22:19:13', 'Menginput transaksi simuda dari no rekening005110'),
(664, 1, '2020-02-26 22:19:13', 'Menginput transaksi simuda dari no rekening005111'),
(665, 1, '2020-02-26 22:19:13', 'Menginput transaksi simuda dari no rekening005112'),
(666, 1, '2020-02-26 22:19:13', 'Menginput transaksi simuda dari no rekening005113'),
(667, 1, '2020-02-26 22:19:13', 'Menginput transaksi simuda dari no rekening005114'),
(668, 1, '2020-02-26 22:19:13', 'Menginput transaksi simuda dari no rekening005115'),
(669, 1, '2020-02-26 22:19:13', 'Menginput transaksi simuda dari no rekening005116'),
(670, 1, '2020-02-26 22:19:13', 'Menginput transaksi simuda dari no rekening005117'),
(671, 1, '2020-02-26 22:19:13', 'Menginput transaksi simuda dari no rekening005120'),
(672, 1, '2020-02-26 22:19:13', 'Menginput transaksi simuda dari no rekening005121'),
(673, 1, '2020-02-26 22:19:13', 'Menginput transaksi simuda dari no rekening005122'),
(674, 1, '2020-02-26 22:19:13', 'Menginput transaksi simuda dari no rekening005123'),
(675, 1, '2020-02-26 22:19:13', 'Menginput transaksi simuda dari no rekening005124'),
(676, 1, '2020-02-26 22:19:13', 'Menginput transaksi simuda dari no rekening005126'),
(677, 1, '2020-02-26 22:19:13', 'Menginput transaksi simuda dari no rekening005127'),
(678, 1, '2020-02-26 22:19:13', 'Menginput transaksi simuda dari no rekening005128'),
(679, 1, '2020-02-26 22:19:13', 'Menginput transaksi simuda dari no rekening005129'),
(680, 1, '2020-02-26 22:19:13', 'Menginput transaksi simuda dari no rekening005131'),
(681, 1, '2020-02-26 22:19:13', 'Menginput transaksi simuda dari no rekening005132'),
(682, 1, '2020-02-26 22:19:13', 'Menginput transaksi simuda dari no rekening005133'),
(683, 1, '2020-02-26 22:19:13', 'Menginput transaksi simuda dari no rekening005134'),
(684, 1, '2020-02-26 22:19:13', 'Menginput transaksi simuda dari no rekening005135'),
(685, 1, '2020-02-26 22:19:13', 'Menginput transaksi simuda dari no rekening005136'),
(686, 1, '2020-02-26 22:19:13', 'Menginput transaksi simuda dari no rekening005137'),
(687, 1, '2020-02-26 22:19:13', 'Menginput transaksi simuda dari no rekening005138'),
(688, 1, '2020-02-26 22:19:13', 'Menginput transaksi simuda dari no rekening005139'),
(689, 1, '2020-02-26 22:19:13', 'Menginput transaksi simuda dari no rekening005140'),
(690, 1, '2020-02-26 22:19:13', 'Menginput transaksi simuda dari no rekening005141'),
(691, 1, '2020-02-26 22:19:13', 'Menginput transaksi simuda dari no rekening005142'),
(692, 1, '2020-02-26 22:19:13', 'Menginput transaksi simuda dari no rekening005143'),
(693, 1, '2020-02-26 22:19:13', 'Menginput transaksi simuda dari no rekening005144'),
(694, 1, '2020-02-26 22:19:13', 'Menginput transaksi simuda dari no rekening005145'),
(695, 1, '2020-02-26 22:19:13', 'Menginput transaksi simuda dari no rekening005146'),
(696, 1, '2020-02-26 22:19:13', 'Menginput transaksi simuda dari no rekening005147'),
(697, 1, '2020-02-26 22:19:13', 'Menginput transaksi simuda dari no rekening005148'),
(698, 1, '2020-02-26 22:19:13', 'Menginput transaksi simuda dari no rekening005149'),
(699, 1, '2020-02-26 22:19:13', 'Menginput transaksi simuda dari no rekening005150'),
(700, 1, '2020-02-26 22:19:13', 'Menginput transaksi simuda dari no rekening005151'),
(701, 1, '2020-02-26 22:19:13', 'Menginput transaksi simuda dari no rekening005152'),
(702, 1, '2020-02-26 22:19:13', 'Menginput transaksi simuda dari no rekening005153'),
(703, 1, '2020-02-26 22:19:13', 'Menginput transaksi simuda dari no rekening005154'),
(704, 1, '2020-02-26 22:19:13', 'Menginput transaksi simuda dari no rekening005155'),
(705, 1, '2020-02-26 22:19:13', 'Menginput transaksi simuda dari no rekening005156'),
(706, 1, '2020-02-26 22:19:13', 'Menginput transaksi simuda dari no rekening005157'),
(707, 1, '2020-02-26 22:19:13', 'Menginput transaksi simuda dari no rekening005158'),
(708, 1, '2020-02-26 22:19:13', 'Menginput transaksi simuda dari no rekening005159'),
(709, 1, '2020-02-26 22:19:13', 'Menginput transaksi simuda dari no rekening005160'),
(710, 1, '2020-02-26 22:19:13', 'Menginput transaksi simuda dari no rekening005161'),
(711, 1, '2020-02-26 22:19:13', 'Menginput transaksi simuda dari no rekening005162'),
(712, 1, '2020-02-26 22:19:13', 'Menginput transaksi simuda dari no rekening005163'),
(713, 1, '2020-02-26 22:19:13', 'Menginput transaksi simuda dari no rekening005166'),
(714, 1, '2020-02-26 22:19:13', 'Menginput transaksi simuda dari no rekening005167'),
(715, 1, '2020-02-26 22:19:13', 'Menginput transaksi simuda dari no rekening005168'),
(716, 1, '2020-02-26 22:19:13', 'Menginput transaksi simuda dari no rekening005169'),
(717, 1, '2020-02-26 22:19:13', 'Menginput transaksi simuda dari no rekening005170'),
(718, 1, '2020-02-26 22:19:13', 'Menginput transaksi simuda dari no rekening005171'),
(719, 1, '2020-02-26 22:19:13', 'Menginput transaksi simuda dari no rekening005172'),
(720, 1, '2020-02-26 22:19:13', 'Menginput transaksi simuda dari no rekening005173'),
(721, 1, '2020-02-26 22:19:13', 'Menginput transaksi simuda dari no rekening005174'),
(722, 1, '2020-02-26 22:19:13', 'Menginput transaksi simuda dari no rekening005175'),
(723, 1, '2020-02-26 22:19:13', 'Menginput transaksi simuda dari no rekening005176'),
(724, 1, '2020-02-26 22:19:13', 'Menginput transaksi simuda dari no rekening005177'),
(725, 1, '2020-02-26 22:19:13', 'Menginput transaksi simuda dari no rekening005178'),
(726, 1, '2020-02-26 22:19:13', 'Menginput transaksi simuda dari no rekening005179'),
(727, 1, '2020-02-26 22:19:13', 'Menginput transaksi simuda dari no rekening005180'),
(728, 1, '2020-02-26 22:19:13', 'Menginput transaksi simuda dari no rekening005181'),
(729, 1, '2020-02-26 22:19:13', 'Menginput transaksi simuda dari no rekening005182'),
(730, 1, '2020-02-26 22:19:13', 'Menginput transaksi simuda dari no rekening005183'),
(731, 1, '2020-02-26 22:19:13', 'Menginput transaksi simuda dari no rekening005184'),
(732, 1, '2020-02-26 22:19:13', 'Menginput transaksi simuda dari no rekening005185'),
(733, 1, '2020-02-26 22:19:13', 'Menginput transaksi simuda dari no rekening005186'),
(734, 1, '2020-02-26 22:19:13', 'Menginput transaksi simuda dari no rekening005187'),
(735, 1, '2020-02-26 22:19:13', 'Menginput transaksi simuda dari no rekening005188'),
(736, 1, '2020-02-26 22:19:13', 'Menginput transaksi simuda dari no rekening005189'),
(737, 1, '2020-02-26 22:19:13', 'Menginput transaksi simuda dari no rekening005190'),
(738, 1, '2020-02-26 22:19:13', 'Menginput transaksi simuda dari no rekening005191'),
(739, 1, '2020-02-26 22:19:13', 'Menginput transaksi simuda dari no rekening005192'),
(740, 1, '2020-02-26 22:19:13', 'Menginput transaksi simuda dari no rekening005193'),
(741, 1, '2020-02-26 22:19:13', 'Menginput transaksi simuda dari no rekening005194'),
(742, 1, '2020-02-26 22:19:13', 'Menginput transaksi simuda dari no rekening005195'),
(743, 1, '2020-02-26 22:19:13', 'Menginput transaksi simuda dari no rekening005196'),
(744, 1, '2020-02-26 22:19:13', 'Menginput transaksi simuda dari no rekening005197'),
(745, 1, '2020-02-26 22:19:13', 'Menginput transaksi simuda dari no rekening005198'),
(746, 1, '2020-02-26 22:19:13', 'Menginput transaksi simuda dari no rekening005199'),
(747, 1, '2020-02-26 22:19:13', 'Menginput transaksi simuda dari no rekening005200'),
(748, 1, '2020-02-26 22:19:13', 'Menginput transaksi simuda dari no rekening005201'),
(749, 1, '2020-02-26 22:19:13', 'Menginput transaksi simuda dari no rekening005202'),
(750, 1, '2020-02-26 22:19:13', 'Menginput transaksi simuda dari no rekening005203'),
(751, 1, '2020-02-26 22:19:13', 'Menginput transaksi simuda dari no rekening005204'),
(752, 1, '2020-02-26 22:19:13', 'Menginput transaksi simuda dari no rekening005205'),
(753, 1, '2020-02-26 22:19:13', 'Menginput transaksi simuda dari no rekening005206'),
(754, 1, '2020-02-26 22:19:13', 'Menginput transaksi simuda dari no rekening005207'),
(755, 1, '2020-02-26 22:19:13', 'Menginput transaksi simuda dari no rekening005208'),
(756, 1, '2020-02-26 22:19:13', 'Menginput transaksi simuda dari no rekening005209'),
(757, 1, '2020-02-26 22:19:13', 'Menginput transaksi simuda dari no rekening005210'),
(758, 1, '2020-02-26 22:19:13', 'Menginput transaksi simuda dari no rekening005211'),
(759, 1, '2020-02-26 22:19:13', 'Menginput transaksi simuda dari no rekening005212'),
(760, 1, '2020-02-26 22:19:13', 'Menginput transaksi simuda dari no rekening005213'),
(761, 1, '2020-02-26 22:19:13', 'Menginput transaksi simuda dari no rekening005214'),
(762, 1, '2020-02-26 22:19:13', 'Menginput transaksi simuda dari no rekening005215'),
(763, 1, '2020-02-26 22:19:13', 'Menginput transaksi simuda dari no rekening005216'),
(764, 1, '2020-02-26 22:19:13', 'Menginput transaksi simuda dari no rekening005217'),
(765, 1, '2020-02-26 22:19:13', 'Menginput transaksi simuda dari no rekening005218'),
(766, 1, '2020-02-26 22:19:13', 'Menginput transaksi simuda dari no rekening005220'),
(767, 1, '2020-02-26 22:19:13', 'Menginput transaksi simuda dari no rekening005221'),
(768, 1, '2020-02-26 22:19:13', 'Menginput transaksi simuda dari no rekening005222'),
(769, 1, '2020-02-26 22:19:13', 'Menginput transaksi simuda dari no rekening005224'),
(770, 1, '2020-02-26 22:19:13', 'Menginput transaksi simuda dari no rekening005226'),
(771, 1, '2020-02-26 22:19:13', 'Menginput transaksi simuda dari no rekening005227'),
(772, 1, '2020-02-26 22:19:13', 'Menginput transaksi simuda dari no rekening005228'),
(773, 1, '2020-02-26 22:19:13', 'Menginput transaksi simuda dari no rekening005229'),
(774, 1, '2020-02-26 22:19:13', 'Menginput transaksi simuda dari no rekening005230'),
(775, 1, '2020-02-26 22:19:13', 'Menginput transaksi simuda dari no rekening005231'),
(776, 1, '2020-02-26 22:19:13', 'Menginput transaksi simuda dari no rekening005232'),
(777, 1, '2020-02-26 22:19:13', 'Menginput transaksi simuda dari no rekening005233'),
(778, 1, '2020-02-26 22:19:13', 'Menginput transaksi simuda dari no rekening005235'),
(779, 1, '2020-02-26 22:19:13', 'Menginput transaksi simuda dari no rekening005236'),
(780, 1, '2020-02-26 22:19:13', 'Menginput transaksi simuda dari no rekening005237'),
(781, 1, '2020-02-26 22:19:13', 'Menginput transaksi simuda dari no rekening005238'),
(782, 1, '2020-02-26 22:19:13', 'Menginput transaksi simuda dari no rekening005239'),
(783, 1, '2020-02-26 22:19:13', 'Menginput transaksi simuda dari no rekening005240'),
(784, 1, '2020-02-26 22:19:13', 'Menginput transaksi simuda dari no rekening005242'),
(785, 1, '2020-02-26 22:19:13', 'Menginput transaksi simuda dari no rekening005243'),
(786, 1, '2020-02-26 22:19:13', 'Menginput transaksi simuda dari no rekening005244'),
(787, 1, '2020-02-26 22:19:13', 'Menginput transaksi simuda dari no rekening005245'),
(788, 1, '2020-02-26 22:19:13', 'Menginput transaksi simuda dari no rekening005246'),
(789, 1, '2020-02-26 22:19:13', 'Menginput transaksi simuda dari no rekening005247'),
(790, 1, '2020-02-26 22:19:13', 'Menginput transaksi simuda dari no rekening005248'),
(791, 1, '2020-02-26 22:19:13', 'Menginput transaksi simuda dari no rekening005250'),
(792, 1, '2020-02-26 22:19:13', 'Menginput transaksi simuda dari no rekening005251'),
(793, 1, '2020-02-26 22:19:13', 'Menginput transaksi simuda dari no rekening005252'),
(794, 1, '2020-02-26 22:19:13', 'Menginput transaksi simuda dari no rekening005253'),
(795, 1, '2020-02-26 22:19:13', 'Menginput transaksi simuda dari no rekening005254'),
(796, 1, '2020-02-26 22:19:13', 'Menginput transaksi simuda dari no rekening005255'),
(797, 1, '2020-02-26 22:19:13', 'Menginput transaksi simuda dari no rekening005256'),
(798, 1, '2020-02-26 22:19:13', 'Menginput transaksi simuda dari no rekening005257'),
(799, 1, '2020-02-26 22:19:13', 'Menginput transaksi simuda dari no rekening005258'),
(800, 1, '2020-02-26 22:19:13', 'Menginput transaksi simuda dari no rekening005259'),
(801, 1, '2020-02-26 22:19:13', 'Menginput transaksi simuda dari no rekening005260'),
(802, 1, '2020-02-26 22:19:13', 'Menginput transaksi simuda dari no rekening005261'),
(803, 1, '2020-02-26 22:19:13', 'Menginput transaksi simuda dari no rekening005262'),
(804, 1, '2020-02-26 22:19:13', 'Menginput transaksi simuda dari no rekening005263'),
(805, 1, '2020-02-26 22:19:13', 'Menginput transaksi simuda dari no rekening005264'),
(806, 1, '2020-02-26 22:19:13', 'Menginput transaksi simuda dari no rekening005265'),
(807, 1, '2020-02-26 22:19:13', 'Menginput transaksi simuda dari no rekening005266'),
(808, 1, '2020-02-26 22:19:13', 'Menginput transaksi simuda dari no rekening005267'),
(809, 1, '2020-02-26 22:19:13', 'Menginput transaksi simuda dari no rekening005268'),
(810, 1, '2020-02-26 22:19:13', 'Menginput transaksi simuda dari no rekening005269'),
(811, 1, '2020-02-26 22:19:13', 'Menginput transaksi simuda dari no rekening005270'),
(812, 1, '2020-02-26 22:19:13', 'Menginput transaksi simuda dari no rekening005271'),
(813, 1, '2020-02-26 22:19:13', 'Menginput transaksi simuda dari no rekening005272'),
(814, 1, '2020-02-26 22:19:13', 'Menginput transaksi simuda dari no rekening005273'),
(815, 1, '2020-02-26 22:19:13', 'Menginput transaksi simuda dari no rekening005274'),
(816, 1, '2020-02-26 22:19:13', 'Menginput transaksi simuda dari no rekening005275'),
(817, 1, '2020-02-26 22:19:13', 'Menginput transaksi simuda dari no rekening005276'),
(818, 1, '2020-02-26 22:19:13', 'Menginput transaksi simuda dari no rekening005277'),
(819, 1, '2020-02-26 22:19:13', 'Menginput transaksi simuda dari no rekening005278'),
(820, 1, '2020-02-26 22:19:13', 'Menginput transaksi simuda dari no rekening005279'),
(821, 1, '2020-02-26 22:19:13', 'Menginput transaksi simuda dari no rekening005280'),
(822, 1, '2020-02-26 22:19:13', 'Menginput transaksi simuda dari no rekening005281'),
(823, 1, '2020-02-26 22:19:13', 'Menginput transaksi simuda dari no rekening005282'),
(824, 1, '2020-02-26 22:19:13', 'Menginput transaksi simuda dari no rekening005283'),
(825, 1, '2020-02-26 22:19:13', 'Menginput transaksi simuda dari no rekening005284'),
(826, 1, '2020-02-26 22:19:13', 'Menginput transaksi simuda dari no rekening005285'),
(827, 1, '2020-02-26 22:19:13', 'Menginput transaksi simuda dari no rekening005286'),
(828, 1, '2020-02-26 22:19:13', 'Menginput transaksi simuda dari no rekening005287'),
(829, 1, '2020-02-26 22:19:13', 'Menginput transaksi simuda dari no rekening005288'),
(830, 1, '2020-02-26 22:19:13', 'Menginput transaksi simuda dari no rekening005289'),
(831, 1, '2020-02-26 22:19:13', 'Menginput transaksi simuda dari no rekening005290'),
(832, 1, '2020-02-26 22:19:13', 'Menginput transaksi simuda dari no rekening005291'),
(833, 1, '2020-02-26 22:19:13', 'Menginput transaksi simuda dari no rekening005292'),
(834, 1, '2020-02-26 22:19:13', 'Menginput transaksi simuda dari no rekening005293'),
(835, 1, '2020-02-26 22:19:13', 'Menginput transaksi simuda dari no rekening005294'),
(836, 1, '2020-02-26 22:19:13', 'Menginput transaksi simuda dari no rekening005295'),
(837, 1, '2020-02-26 22:19:13', 'Menginput transaksi simuda dari no rekening005296'),
(838, 1, '2020-02-26 22:19:13', 'Menginput transaksi simuda dari no rekening005297'),
(839, 1, '2020-02-26 22:19:13', 'Menginput transaksi simuda dari no rekening005298'),
(840, 1, '2020-02-26 22:19:13', 'Menginput transaksi simuda dari no rekening005299'),
(841, 1, '2020-02-26 22:19:13', 'Menginput transaksi simuda dari no rekening005300'),
(842, 1, '2020-02-26 22:19:13', 'Menginput transaksi simuda dari no rekening005301'),
(843, 1, '2020-02-26 22:19:13', 'Menginput transaksi simuda dari no rekening005302'),
(844, 1, '2020-02-26 22:19:13', 'Menginput transaksi simuda dari no rekening005303'),
(845, 1, '2020-02-26 22:19:13', 'Menginput transaksi simuda dari no rekening005304'),
(846, 1, '2020-02-26 22:19:13', 'Menginput transaksi simuda dari no rekening005305'),
(847, 1, '2020-02-26 22:19:13', 'Menginput transaksi simuda dari no rekening005306'),
(848, 1, '2020-02-26 22:19:13', 'Menginput transaksi simuda dari no rekening005307'),
(849, 1, '2020-02-26 22:19:13', 'Menginput transaksi simuda dari no rekening005308'),
(850, 1, '2020-02-26 22:19:13', 'Menginput transaksi simuda dari no rekening005309'),
(851, 1, '2020-02-26 22:19:13', 'Menginput transaksi simuda dari no rekening005310'),
(852, 1, '2020-02-26 22:19:13', 'Menginput transaksi simuda dari no rekening005311'),
(853, 1, '2020-02-26 22:19:13', 'Menginput transaksi simuda dari no rekening005312'),
(854, 1, '2020-02-26 22:19:13', 'Menginput transaksi simuda dari no rekening005313'),
(855, 1, '2020-02-26 22:19:13', 'Menginput transaksi simuda dari no rekening005314'),
(856, 1, '2020-02-26 22:19:13', 'Menginput transaksi simuda dari no rekening005315'),
(857, 1, '2020-02-26 22:19:13', 'Menginput transaksi simuda dari no rekening005316'),
(858, 1, '2020-02-26 22:19:13', 'Menginput transaksi simuda dari no rekening005317'),
(859, 1, '2020-02-26 22:19:13', 'Menginput transaksi simuda dari no rekening005318'),
(860, 1, '2020-02-26 22:19:13', 'Menginput transaksi simuda dari no rekening005319'),
(861, 1, '2020-02-26 22:19:13', 'Menginput transaksi simuda dari no rekening005320'),
(862, 1, '2020-02-26 22:19:13', 'Menginput transaksi simuda dari no rekening005321'),
(863, 1, '2020-02-26 22:19:13', 'Menginput transaksi simuda dari no rekening005322'),
(864, 1, '2020-02-26 22:19:13', 'Menginput transaksi simuda dari no rekening005323'),
(865, 1, '2020-02-26 22:19:13', 'Menginput transaksi simuda dari no rekening005324'),
(866, 1, '2020-02-26 22:19:13', 'Menginput transaksi simuda dari no rekening005325'),
(867, 1, '2020-02-26 22:19:13', 'Menginput transaksi simuda dari no rekening005326'),
(868, 1, '2020-02-26 22:19:13', 'Menginput transaksi simuda dari no rekening005327'),
(869, 1, '2020-02-26 22:19:13', 'Menginput transaksi simuda dari no rekening005328'),
(870, 1, '2020-02-26 22:19:13', 'Menginput transaksi simuda dari no rekening005329'),
(871, 1, '2020-02-26 22:19:13', 'Menginput transaksi simuda dari no rekening005330'),
(872, 1, '2020-02-26 22:19:13', 'Menginput transaksi simuda dari no rekening005331'),
(873, 1, '2020-02-26 22:19:13', 'Menginput transaksi simuda dari no rekening005332'),
(874, 1, '2020-02-26 22:19:13', 'Menginput transaksi simuda dari no rekening005333'),
(875, 1, '2020-02-26 22:19:13', 'Menginput transaksi simuda dari no rekening005334'),
(876, 1, '2020-02-26 22:19:13', 'Menginput transaksi simuda dari no rekening005335'),
(877, 1, '2020-02-26 22:19:13', 'Menginput transaksi simuda dari no rekening005336'),
(878, 1, '2020-02-26 22:19:13', 'Menginput transaksi simuda dari no rekening005337'),
(879, 1, '2020-02-26 22:19:13', 'Menginput transaksi simuda dari no rekening005338'),
(880, 1, '2020-02-26 22:19:13', 'Menginput transaksi simuda dari no rekening005339'),
(881, 1, '2020-02-26 22:19:13', 'Menginput transaksi simuda dari no rekening005340'),
(882, 1, '2020-02-26 22:19:13', 'Menginput transaksi simuda dari no rekening005341'),
(883, 1, '2020-02-26 22:19:13', 'Menginput transaksi simuda dari no rekening005342'),
(884, 1, '2020-02-26 22:19:13', 'Menginput transaksi simuda dari no rekening005343'),
(885, 1, '2020-02-26 22:19:13', 'Menginput transaksi simuda dari no rekening005344'),
(886, 1, '2020-02-26 22:19:13', 'Menginput transaksi simuda dari no rekening005345'),
(887, 1, '2020-02-26 22:19:13', 'Menginput transaksi simuda dari no rekening005346'),
(888, 1, '2020-02-26 22:19:13', 'Menginput transaksi simuda dari no rekening005347'),
(889, 1, '2020-02-26 22:19:13', 'Menginput transaksi simuda dari no rekening005348'),
(890, 1, '2020-02-26 22:19:13', 'Menginput transaksi simuda dari no rekening005349'),
(891, 1, '2020-02-26 22:19:13', 'Menginput transaksi simuda dari no rekening005350'),
(892, 1, '2020-02-26 22:19:13', 'Menginput transaksi simuda dari no rekening005351'),
(893, 1, '2020-02-26 22:19:13', 'Menginput transaksi simuda dari no rekening005352'),
(894, 1, '2020-02-26 22:19:13', 'Menginput transaksi simuda dari no rekening005353'),
(895, 1, '2020-02-26 22:19:13', 'Menginput transaksi simuda dari no rekening005354'),
(896, 1, '2020-02-26 22:19:13', 'Menginput transaksi simuda dari no rekening005355'),
(897, 1, '2020-02-26 22:19:13', 'Menginput transaksi simuda dari no rekening005356'),
(898, 1, '2020-02-26 22:19:13', 'Menginput transaksi simuda dari no rekening005357'),
(899, 1, '2020-02-26 22:19:13', 'Menginput transaksi simuda dari no rekening005358'),
(900, 1, '2020-02-26 22:19:13', 'Menginput transaksi simuda dari no rekening005359'),
(901, 1, '2020-02-26 22:19:13', 'Menginput transaksi simuda dari no rekening005360'),
(902, 1, '2020-02-26 22:19:13', 'Menginput transaksi simuda dari no rekening005361'),
(903, 1, '2020-02-26 22:19:13', 'Menginput transaksi simuda dari no rekening005362'),
(904, 1, '2020-02-26 22:19:13', 'Menginput transaksi simuda dari no rekening005363'),
(905, 1, '2020-02-26 22:19:13', 'Menginput transaksi simuda dari no rekening005364'),
(906, 1, '2020-02-26 22:19:13', 'Menginput transaksi simuda dari no rekening005365'),
(907, 1, '2020-02-26 22:19:13', 'Menginput transaksi simuda dari no rekening005366'),
(908, 1, '2020-02-26 22:19:13', 'Menginput transaksi simuda dari no rekening005367'),
(909, 1, '2020-02-26 22:19:13', 'Menginput transaksi simuda dari no rekening005368'),
(910, 1, '2020-02-26 22:19:13', 'Menginput transaksi simuda dari no rekening005369'),
(911, 1, '2020-02-26 22:19:13', 'Menginput transaksi simuda dari no rekening005370'),
(912, 1, '2020-02-26 22:19:13', 'Menginput transaksi simuda dari no rekening005371'),
(913, 1, '2020-02-26 22:19:13', 'Menginput transaksi simuda dari no rekening005372'),
(914, 1, '2020-02-26 22:19:13', 'Menginput transaksi simuda dari no rekening005373'),
(915, 1, '2020-02-26 22:19:13', 'Menginput transaksi simuda dari no rekening005374'),
(916, 1, '2020-02-26 22:19:13', 'Menginput transaksi simuda dari no rekening005375'),
(917, 1, '2020-02-26 22:19:13', 'Menginput transaksi simuda dari no rekening005376'),
(918, 1, '2020-02-26 22:19:13', 'Menginput transaksi simuda dari no rekening005377'),
(919, 1, '2020-02-26 22:19:13', 'Menginput transaksi simuda dari no rekening005378'),
(920, 1, '2020-02-26 22:19:13', 'Menginput transaksi simuda dari no rekening005379'),
(921, 1, '2020-02-26 22:19:13', 'Menginput transaksi simuda dari no rekening005380'),
(922, 1, '2020-02-26 22:19:13', 'Menginput transaksi simuda dari no rekening005381'),
(923, 1, '2020-02-26 22:19:13', 'Menginput transaksi simuda dari no rekening005382'),
(924, 1, '2020-02-26 22:19:13', 'Menginput transaksi simuda dari no rekening005383'),
(925, 1, '2020-02-26 22:19:13', 'Menginput transaksi simuda dari no rekening005384'),
(926, 1, '2020-02-26 22:19:13', 'Menginput transaksi simuda dari no rekening005385'),
(927, 1, '2020-02-26 22:19:13', 'Menginput transaksi simuda dari no rekening005386'),
(928, 1, '2020-02-26 22:19:13', 'Menginput transaksi simuda dari no rekening005387'),
(929, 1, '2020-02-26 22:19:13', 'Menginput transaksi simuda dari no rekening005388'),
(930, 1, '2020-02-26 22:19:13', 'Menginput transaksi simuda dari no rekening005389'),
(931, 1, '2020-02-26 22:19:13', 'Menginput transaksi simuda dari no rekening005390'),
(932, 1, '2020-02-26 22:19:13', 'Menginput transaksi simuda dari no rekening005391'),
(933, 1, '2020-02-26 22:19:13', 'Menginput transaksi simuda dari no rekening005392'),
(934, 1, '2020-02-26 22:19:13', 'Menginput transaksi simuda dari no rekening005393'),
(935, 1, '2020-02-26 22:19:13', 'Menginput transaksi simuda dari no rekening005394'),
(936, 1, '2020-02-26 22:19:13', 'Menginput transaksi simuda dari no rekening005395'),
(937, 1, '2020-02-26 22:19:13', 'Menginput transaksi simuda dari no rekening005396'),
(938, 1, '2020-02-26 22:19:13', 'Menginput transaksi simuda dari no rekening005397'),
(939, 1, '2020-02-26 22:19:13', 'Menginput transaksi simuda dari no rekening005398'),
(940, 1, '2020-02-26 22:19:13', 'Menginput transaksi simuda dari no rekening005399'),
(941, 1, '2020-02-26 22:19:13', 'Menginput transaksi simuda dari no rekening005400'),
(942, 1, '2020-02-26 22:19:13', 'Menginput transaksi simuda dari no rekening005401'),
(943, 1, '2020-02-26 22:19:13', 'Menginput transaksi simuda dari no rekening005402'),
(944, 1, '2020-02-26 22:19:13', 'Menginput transaksi simuda dari no rekening005403'),
(945, 1, '2020-02-26 22:19:13', 'Menginput transaksi simuda dari no rekening005404'),
(946, 1, '2020-02-26 22:19:13', 'Menginput transaksi simuda dari no rekening005405'),
(947, 1, '2020-02-26 22:19:13', 'Menginput transaksi simuda dari no rekening005406'),
(948, 1, '2020-02-26 22:19:13', 'Menginput transaksi simuda dari no rekening005407'),
(949, 1, '2020-02-26 22:19:13', 'Menginput transaksi simuda dari no rekening005408'),
(950, 1, '2020-02-26 22:19:13', 'Menginput transaksi simuda dari no rekening005409'),
(951, 1, '2020-02-26 22:19:13', 'Menginput transaksi simuda dari no rekening005410'),
(952, 1, '2020-02-26 22:19:13', 'Menginput transaksi simuda dari no rekening005411'),
(953, 1, '2020-02-26 22:19:13', 'Menginput transaksi simuda dari no rekening005412'),
(954, 1, '2020-02-26 22:19:13', 'Menginput transaksi simuda dari no rekening005413'),
(955, 1, '2020-02-26 22:19:13', 'Menginput transaksi simuda dari no rekening005414'),
(956, 1, '2020-02-26 22:19:13', 'Menginput transaksi simuda dari no rekening005415'),
(957, 1, '2020-02-26 22:19:13', 'Menginput transaksi simuda dari no rekening005416'),
(958, 1, '2020-02-26 22:19:13', 'Menginput transaksi simuda dari no rekening005417'),
(959, 1, '2020-02-26 22:19:13', 'Menginput transaksi simuda dari no rekening005418'),
(960, 1, '2020-02-26 22:19:13', 'Menginput transaksi simuda dari no rekening005419'),
(961, 1, '2020-02-26 22:19:13', 'Menginput transaksi simuda dari no rekening005420'),
(962, 1, '2020-02-26 22:19:13', 'Menginput transaksi simuda dari no rekening005421'),
(963, 1, '2020-02-26 22:19:13', 'Menginput transaksi simuda dari no rekening005422'),
(964, 1, '2020-02-26 22:19:13', 'Menginput transaksi simuda dari no rekening005423'),
(965, 1, '2020-02-26 22:19:13', 'Menginput transaksi simuda dari no rekening005424'),
(966, 1, '2020-02-26 22:19:13', 'Menginput transaksi simuda dari no rekening005425'),
(967, 1, '2020-02-26 22:19:13', 'Menginput transaksi simuda dari no rekening005426'),
(968, 1, '2020-02-26 22:19:13', 'Menginput transaksi simuda dari no rekening005427'),
(969, 1, '2020-02-26 22:19:13', 'Menginput transaksi simuda dari no rekening005428'),
(970, 1, '2020-02-26 22:19:13', 'Menginput transaksi simuda dari no rekening005429'),
(971, 1, '2020-02-26 22:19:13', 'Menginput transaksi simuda dari no rekening005430'),
(972, 1, '2020-02-26 22:19:13', 'Menginput transaksi simuda dari no rekening005431'),
(973, 1, '2020-02-26 22:19:13', 'Menginput transaksi simuda dari no rekening005432'),
(974, 1, '2020-02-26 22:19:13', 'Menginput transaksi simuda dari no rekening005433'),
(975, 1, '2020-02-26 22:19:13', 'Menginput transaksi simuda dari no rekening005434'),
(976, 1, '2020-02-26 22:19:13', 'Menginput transaksi simuda dari no rekening005435'),
(977, 1, '2020-02-26 22:19:13', 'Menginput transaksi simuda dari no rekening005436'),
(978, 1, '2020-02-26 22:19:13', 'Menginput transaksi simuda dari no rekening005437'),
(979, 1, '2020-02-26 22:19:13', 'Menginput transaksi simuda dari no rekening005438'),
(980, 1, '2020-02-26 22:19:13', 'Menginput transaksi simuda dari no rekening005439'),
(981, 1, '2020-02-26 22:19:13', 'Menginput transaksi simuda dari no rekening005440'),
(982, 1, '2020-02-26 22:19:13', 'Menginput transaksi simuda dari no rekening005441'),
(983, 1, '2020-02-26 22:19:13', 'Menginput transaksi simuda dari no rekening005442'),
(984, 1, '2020-02-26 22:19:13', 'Menginput transaksi simuda dari no rekening005443'),
(985, 1, '2020-02-26 22:19:13', 'Menginput transaksi simuda dari no rekening005444'),
(986, 1, '2020-02-26 22:19:13', 'Menginput transaksi simuda dari no rekening005445'),
(987, 1, '2020-02-26 22:19:13', 'Menginput transaksi simuda dari no rekening005446'),
(988, 1, '2020-02-26 22:19:13', 'Menginput transaksi simuda dari no rekening005447'),
(989, 1, '2020-02-26 22:19:13', 'Menginput transaksi simuda dari no rekening005448'),
(990, 1, '2020-02-26 22:19:13', 'Menginput transaksi simuda dari no rekening005449'),
(991, 1, '2020-02-26 22:19:13', 'Menginput transaksi simuda dari no rekening005450');

-- --------------------------------------------------------

--
-- Struktur dari tabel `master_detail_rekening_pembiayaan`
--

CREATE TABLE `master_detail_rekening_pembiayaan` (
  `id_detail_rekening_pembiayaan` int(11) NOT NULL,
  `no_rekening_pembiayaan` int(11) NOT NULL,
  `tanggal_pembayaran` date NOT NULL,
  `periode_tagihan` varchar(7) NOT NULL,
  `jml_pokok` float NOT NULL,
  `jml_bahas` float NOT NULL,
  `denda` float NOT NULL,
  `total` float NOT NULL,
  `id_user` int(11) NOT NULL
) ENGINE=InnoDB DEFAULT CHARSET=latin1;

--
-- Trigger `master_detail_rekening_pembiayaan`
--
DELIMITER $$
CREATE TRIGGER `after_insert_detail_pembiayaan_trigger` AFTER INSERT ON `master_detail_rekening_pembiayaan` FOR EACH ROW INSERT INTO log_activity(id_user, datetime, keterangan) VALUES (NEW.id_user, now(), CONCAT('Menginput transaksi pembiayaan dari no rekening pembiayaan ', NEW.no_rekening_pembiayaan))
$$
DELIMITER ;

-- --------------------------------------------------------

--
-- Struktur dari tabel `master_detail_rekening_sijaka`
--

CREATE TABLE `master_detail_rekening_sijaka` (
  `id_detail_sijaka` int(11) NOT NULL,
  `NRSj` smallint(6) NOT NULL,
  `datetime` datetime NOT NULL,
  `nominal` float NOT NULL,
  `tipe_penarikan` enum('Kredit Simuda','Tunai') NOT NULL,
  `id_user` int(11) NOT NULL
) ENGINE=InnoDB DEFAULT CHARSET=latin1;

--
-- Trigger `master_detail_rekening_sijaka`
--
DELIMITER $$
CREATE TRIGGER `after_insert_detail_sijaka_trigger` AFTER INSERT ON `master_detail_rekening_sijaka` FOR EACH ROW INSERT INTO log_activity(id_user, datetime, keterangan) VALUES (NEW.id_user, now(), CONCAT('Menginput transaksi sijaka dari no rekening sijaka ', NEW.NRSj))
$$
DELIMITER ;

-- --------------------------------------------------------

--
-- Struktur dari tabel `master_detail_rekening_simuda`
--

CREATE TABLE `master_detail_rekening_simuda` (
  `id_detail_rekening_simuda` int(11) NOT NULL,
  `no_rekening_simuda` int(6) UNSIGNED ZEROFILL NOT NULL,
  `datetime` datetime NOT NULL,
  `debet` float NOT NULL,
  `kredit` float NOT NULL,
  `saldo` float NOT NULL,
  `saldo_terendah` float NOT NULL,
  `id_user` int(2) NOT NULL
) ENGINE=InnoDB DEFAULT CHARSET=latin1;

--
-- Dumping data untuk tabel `master_detail_rekening_simuda`
--

INSERT INTO `master_detail_rekening_simuda` (`id_detail_rekening_simuda`, `no_rekening_simuda`, `datetime`, `debet`, `kredit`, `saldo`, `saldo_terendah`, `id_user`) VALUES
(1, 000002, '2020-02-01 00:00:00', 0, 8333, 8333, 8333, 1),
(2, 000009, '2020-02-01 00:00:00', 0, 551000, 551000, 551000, 1),
(3, 000012, '2020-02-01 00:00:00', 0, 788792, 788792, 788792, 1),
(4, 000020, '2020-02-01 00:00:00', 0, 0, 0, 0, 1),
(5, 000026, '2020-02-01 00:00:00', 0, 23800600, 23800600, 23800600, 1),
(6, 000027, '2020-02-01 00:00:00', 0, 0, 0, 0, 1),
(7, 000029, '2020-02-01 00:00:00', 0, 157995, 157995, 157995, 1),
(8, 000033, '2020-02-01 00:00:00', 0, 5040360, 5040360, 5040360, 1),
(9, 000050, '2020-02-01 00:00:00', 0, 0, 0, 0, 1),
(10, 000052, '2020-02-01 00:00:00', 0, 2741840, 2741840, 2741840, 1),
(11, 000063, '2020-02-01 00:00:00', 0, 1020820, 1020820, 1020820, 1),
(12, 000078, '2020-02-01 00:00:00', 0, 367000, 367000, 367000, 1),
(13, 000132, '2020-02-01 00:00:00', 0, 6619080, 6619080, 6619080, 1),
(14, 000164, '2020-02-01 00:00:00', 0, 101000, 101000, 101000, 1),
(15, 000188, '2020-02-01 00:00:00', 0, 1680260, 1680260, 1680260, 1),
(16, 000239, '2020-02-01 00:00:00', 0, 0, 0, 0, 1),
(17, 000338, '2020-02-01 00:00:00', 0, 0, 0, 0, 1),
(18, 000342, '2020-02-01 00:00:00', 0, 0, 0, 0, 1),
(19, 000358, '2020-02-01 00:00:00', 0, 3955030, 3955030, 3955030, 1),
(20, 000360, '2020-02-01 00:00:00', 0, 1481030, 1481030, 1481030, 1),
(21, 000362, '2020-02-01 00:00:00', 0, 1020030, 1020030, 1020030, 1),
(22, 000371, '2020-02-01 00:00:00', 0, 1156640, 1156640, 1156640, 1),
(23, 000389, '2020-02-01 00:00:00', 0, 0, 0, 0, 1),
(24, 000411, '2020-02-01 00:00:00', 0, 0, 0, 0, 1),
(25, 000433, '2020-02-01 00:00:00', 0, 4939010, 4939010, 4939010, 1),
(26, 000437, '2020-02-01 00:00:00', 0, 0, 0, 0, 1),
(27, 000472, '2020-02-01 00:00:00', 0, 0, 0, 0, 1),
(28, 000490, '2020-02-01 00:00:00', 0, 10291400, 10291400, 10291400, 1),
(29, 000533, '2020-02-01 00:00:00', 0, 7912280, 7912280, 7912280, 1),
(30, 000642, '2020-02-01 00:00:00', 0, 13800200, 13800200, 13800200, 1),
(31, 000654, '2020-02-01 00:00:00', 0, 2500510, 2500510, 2500510, 1),
(32, 000704, '2020-02-01 00:00:00', 0, 0, 0, 0, 1),
(33, 000848, '2020-02-01 00:00:00', 0, 677767, 677767, 677767, 1),
(34, 000905, '2020-02-01 00:00:00', 0, 0, 0, 0, 1),
(35, 000927, '2020-02-01 00:00:00', 0, 0, 0, 0, 1),
(36, 000937, '2020-02-01 00:00:00', 0, 15449300, 15449300, 15449300, 1),
(37, 000938, '2020-02-01 00:00:00', 0, 0, 0, 0, 1),
(38, 001021, '2020-02-01 00:00:00', 0, 15697600, 15697600, 15697600, 1),
(39, 001022, '2020-02-01 00:00:00', 0, 0, 0, 0, 1),
(40, 001084, '2020-02-01 00:00:00', 0, 0, 0, 0, 1),
(41, 001100, '2020-02-01 00:00:00', 0, 129044, 129044, 129044, 1),
(42, 001104, '2020-02-01 00:00:00', 0, 13452000, 13452000, 13452000, 1),
(43, 001152, '2020-02-01 00:00:00', 0, 210069, 210069, 210069, 1),
(44, 001233, '2020-02-01 00:00:00', 0, 0, 0, 0, 1),
(45, 001246, '2020-02-01 00:00:00', 0, 0, 0, 0, 1),
(46, 001248, '2020-02-01 00:00:00', 0, 3468430, 3468430, 3468430, 1),
(47, 001249, '2020-02-01 00:00:00', 0, 11525300, 11525300, 11525300, 1),
(48, 001256, '2020-02-01 00:00:00', 0, 1444490, 1444490, 1444490, 1),
(49, 001342, '2020-02-01 00:00:00', 0, 0, 0, 0, 1),
(50, 001346, '2020-02-01 00:00:00', 0, 0, 0, 0, 1),
(51, 001364, '2020-02-01 00:00:00', 0, 0, 0, 0, 1),
(52, 001372, '2020-02-01 00:00:00', 0, 0, 0, 0, 1),
(53, 001375, '2020-02-01 00:00:00', 0, 0, 0, 0, 1),
(54, 001389, '2020-02-01 00:00:00', 0, 0, 0, 0, 1),
(55, 001429, '2020-02-01 00:00:00', 0, 515323, 515323, 515323, 1),
(56, 001578, '2020-02-01 00:00:00', 0, 0, 0, 0, 1),
(57, 001582, '2020-02-01 00:00:00', 0, 0, 0, 0, 1),
(58, 001593, '2020-02-01 00:00:00', 0, 31509, 31509, 31509, 1),
(59, 001656, '2020-02-01 00:00:00', 0, 0, 0, 0, 1),
(60, 001712, '2020-02-01 00:00:00', 0, 0, 0, 0, 1),
(61, 001713, '2020-02-01 00:00:00', 0, 754194, 754194, 754194, 1),
(62, 001724, '2020-02-01 00:00:00', 0, 0, 0, 0, 1),
(63, 001768, '2020-02-01 00:00:00', 0, 1413720, 1413720, 1413720, 1),
(64, 001797, '2020-02-01 00:00:00', 0, 658912, 658912, 658912, 1),
(65, 001809, '2020-02-01 00:00:00', 0, 12033000, 12033000, 12033000, 1),
(66, 001812, '2020-02-01 00:00:00', 0, 0, 0, 0, 1),
(67, 001822, '2020-02-01 00:00:00', 0, 1425060, 1425060, 1425060, 1),
(68, 001850, '2020-02-01 00:00:00', 0, 4387360, 4387360, 4387360, 1),
(69, 001858, '2020-02-01 00:00:00', 0, 116221, 116221, 116221, 1),
(70, 001861, '2020-02-01 00:00:00', 0, 3731490, 3731490, 3731490, 1),
(71, 001933, '2020-02-01 00:00:00', 0, 10000, 10000, 10000, 1),
(72, 001939, '2020-02-01 00:00:00', 0, 0, 0, 0, 1),
(73, 001946, '2020-02-01 00:00:00', 0, 1210530, 1210530, 1210530, 1),
(74, 001948, '2020-02-01 00:00:00', 0, 0, 0, 0, 1),
(75, 001978, '2020-02-01 00:00:00', 0, 259382, 259382, 259382, 1),
(76, 002026, '2020-02-01 00:00:00', 0, 0, 0, 0, 1),
(77, 002028, '2020-02-01 00:00:00', 0, 155129, 155129, 155129, 1),
(78, 002043, '2020-02-01 00:00:00', 0, 958017, 958017, 958017, 1),
(79, 002047, '2020-02-01 00:00:00', 0, 396518, 396518, 396518, 1),
(80, 002113, '2020-02-01 00:00:00', 0, 0, 0, 0, 1),
(81, 002117, '2020-02-01 00:00:00', 0, 36017, 36017, 36017, 1),
(82, 002124, '2020-02-01 00:00:00', 0, 0, 0, 0, 1),
(83, 002140, '2020-02-01 00:00:00', 0, 34031200, 34031200, 34031200, 1),
(84, 002146, '2020-02-01 00:00:00', 0, 1050410, 1050410, 1050410, 1),
(85, 002150, '2020-02-01 00:00:00', 0, 550488, 550488, 550488, 1),
(86, 002176, '2020-02-01 00:00:00', 0, 485779, 485779, 485779, 1),
(87, 002177, '2020-02-01 00:00:00', 0, 0, 0, 0, 1),
(88, 002183, '2020-02-01 00:00:00', 0, 45345, 45345, 45345, 1),
(89, 002199, '2020-02-01 00:00:00', 0, 0, 0, 0, 1),
(90, 002201, '2020-02-01 00:00:00', 0, 2935380, 2935380, 2935380, 1),
(91, 002229, '2020-02-01 00:00:00', 0, 1302620, 1302620, 1302620, 1),
(92, 002230, '2020-02-01 00:00:00', 0, 1288110, 1288110, 1288110, 1),
(93, 002235, '2020-02-01 00:00:00', 0, 1908580, 1908580, 1908580, 1),
(94, 002259, '2020-02-01 00:00:00', 0, 856078, 856078, 856078, 1),
(95, 002302, '2020-02-01 00:00:00', 0, 616000, 616000, 616000, 1),
(96, 002303, '2020-02-01 00:00:00', 0, 5007460, 5007460, 5007460, 1),
(97, 002311, '2020-02-01 00:00:00', 0, 0, 0, 0, 1),
(98, 002322, '2020-02-01 00:00:00', 0, 254000, 254000, 254000, 1),
(99, 002335, '2020-02-01 00:00:00', 0, 0, 0, 0, 1),
(100, 002386, '2020-02-01 00:00:00', 0, 0, 0, 0, 1),
(101, 002401, '2020-02-01 00:00:00', 0, 0, 0, 0, 1),
(102, 002425, '2020-02-01 00:00:00', 0, 0, 0, 0, 1),
(103, 002433, '2020-02-01 00:00:00', 0, 0, 0, 0, 1),
(104, 002440, '2020-02-01 00:00:00', 0, 0, 0, 0, 1),
(105, 002450, '2020-02-01 00:00:00', 0, 0, 0, 0, 1),
(106, 002497, '2020-02-01 00:00:00', 0, 4485500, 4485500, 4485500, 1),
(107, 002498, '2020-02-01 00:00:00', 0, 0, 0, 0, 1),
(108, 002559, '2020-02-01 00:00:00', 0, 5452540, 5452540, 5452540, 1),
(109, 002563, '2020-02-01 00:00:00', 0, 150455, 150455, 150455, 1),
(110, 002575, '2020-02-01 00:00:00', 0, 0, 0, 0, 1),
(111, 002576, '2020-02-01 00:00:00', 0, 0, 0, 0, 1),
(112, 002587, '2020-02-01 00:00:00', 0, 0, 0, 0, 1),
(113, 002592, '2020-02-01 00:00:00', 0, 3186400, 3186400, 3186400, 1),
(114, 002627, '2020-02-01 00:00:00', 0, 0, 0, 0, 1),
(115, 002635, '2020-02-01 00:00:00', 0, 1214970, 1214970, 1214970, 1),
(116, 002646, '2020-02-01 00:00:00', 0, 0, 0, 0, 1),
(117, 002658, '2020-02-01 00:00:00', 0, 40823, 40823, 40823, 1),
(118, 002700, '2020-02-01 00:00:00', 0, 40000, 40000, 40000, 1),
(119, 002704, '2020-02-01 00:00:00', 0, 0, 0, 0, 1),
(120, 002724, '2020-02-01 00:00:00', 0, 36141800, 36141800, 36141800, 1),
(121, 002752, '2020-02-01 00:00:00', 0, 105693, 105693, 105693, 1),
(122, 002779, '2020-02-01 00:00:00', 0, 0, 0, 0, 1),
(123, 002810, '2020-02-01 00:00:00', 0, 0, 0, 0, 1),
(124, 002827, '2020-02-01 00:00:00', 0, 0, 0, 0, 1),
(125, 002829, '2020-02-01 00:00:00', 0, 11577600, 11577600, 11577600, 1),
(126, 002832, '2020-02-01 00:00:00', 0, 0, 0, 0, 1),
(127, 002836, '2020-02-01 00:00:00', 0, 1380620, 1380620, 1380620, 1),
(128, 002875, '2020-02-01 00:00:00', 0, 501899, 501899, 501899, 1),
(129, 002939, '2020-02-01 00:00:00', 0, 9959490, 9959490, 9959490, 1),
(130, 002973, '2020-02-01 00:00:00', 0, 10194600, 10194600, 10194600, 1),
(131, 002990, '2020-02-01 00:00:00', 0, 5368900, 5368900, 5368900, 1),
(132, 002991, '2020-02-01 00:00:00', 0, 0, 0, 0, 1),
(133, 003009, '2020-02-01 00:00:00', 0, 0, 0, 0, 1),
(134, 003010, '2020-02-01 00:00:00', 0, 0, 0, 0, 1),
(135, 003013, '2020-02-01 00:00:00', 0, 1808160, 1808160, 1808160, 1),
(136, 003027, '2020-02-01 00:00:00', 0, 1827010, 1827010, 1827010, 1),
(137, 003042, '2020-02-01 00:00:00', 0, 0, 0, 0, 1),
(138, 003086, '2020-02-01 00:00:00', 0, 2415850, 2415850, 2415850, 1),
(139, 003096, '2020-02-01 00:00:00', 0, 0, 0, 0, 1),
(140, 003098, '2020-02-01 00:00:00', 0, 100000, 100000, 100000, 1),
(141, 003100, '2020-02-01 00:00:00', 0, 68816, 68816, 68816, 1),
(142, 003102, '2020-02-01 00:00:00', 0, 881366, 881366, 881366, 1),
(143, 003117, '2020-02-01 00:00:00', 0, 0, 0, 0, 1),
(144, 003118, '2020-02-01 00:00:00', 0, 0, 0, 0, 1),
(145, 003167, '2020-02-01 00:00:00', 0, 0, 0, 0, 1),
(146, 003178, '2020-02-01 00:00:00', 0, 953000, 953000, 953000, 1),
(147, 003188, '2020-02-01 00:00:00', 0, 556334, 556334, 556334, 1),
(148, 003202, '2020-02-01 00:00:00', 0, 0, 0, 0, 1),
(149, 003264, '2020-02-01 00:00:00', 0, 0, 0, 0, 1),
(150, 003265, '2020-02-01 00:00:00', 0, 0, 0, 0, 1),
(151, 003268, '2020-02-01 00:00:00', 0, 200000, 200000, 200000, 1),
(152, 003311, '2020-02-01 00:00:00', 0, 0, 0, 0, 1),
(153, 003315, '2020-02-01 00:00:00', 0, 0, 0, 0, 1),
(154, 003330, '2020-02-01 00:00:00', 0, 0, 0, 0, 1),
(155, 003331, '2020-02-01 00:00:00', 0, 0, 0, 0, 1),
(156, 003333, '2020-02-01 00:00:00', 0, 21658, 21658, 21658, 1),
(157, 003335, '2020-02-01 00:00:00', 0, 902399, 902399, 902399, 1),
(158, 003344, '2020-02-01 00:00:00', 0, 0, 0, 0, 1),
(159, 003353, '2020-02-01 00:00:00', 0, 0, 0, 0, 1),
(160, 003377, '2020-02-01 00:00:00', 0, 0, 0, 0, 1),
(161, 003381, '2020-02-01 00:00:00', 0, 0, 0, 0, 1),
(162, 003395, '2020-02-01 00:00:00', 0, 369077, 369077, 369077, 1),
(163, 003401, '2020-02-01 00:00:00', 0, 0, 0, 0, 1),
(164, 003402, '2020-02-01 00:00:00', 0, 137725, 137725, 137725, 1),
(165, 003404, '2020-02-01 00:00:00', 0, 5268120, 5268120, 5268120, 1),
(166, 003407, '2020-02-01 00:00:00', 0, 0, 0, 0, 1),
(167, 003410, '2020-02-01 00:00:00', 0, 640000, 640000, 640000, 1),
(168, 003417, '2020-02-01 00:00:00', 0, 0, 0, 0, 1),
(169, 003435, '2020-02-01 00:00:00', 0, 0, 0, 0, 1),
(170, 003443, '2020-02-01 00:00:00', 0, 5221170, 5221170, 5221170, 1),
(171, 003451, '2020-02-01 00:00:00', 0, 0, 0, 0, 1),
(172, 003454, '2020-02-01 00:00:00', 0, 0, 0, 0, 1),
(173, 003458, '2020-02-01 00:00:00', 0, 1503260, 1503260, 1503260, 1),
(174, 003459, '2020-02-01 00:00:00', 0, 0, 0, 0, 1),
(175, 003463, '2020-02-01 00:00:00', 0, 6076070, 6076070, 6076070, 1),
(176, 003469, '2020-02-01 00:00:00', 0, 0, 0, 0, 1),
(177, 003471, '2020-02-01 00:00:00', 0, 403802, 403802, 403802, 1),
(178, 003493, '2020-02-01 00:00:00', 0, 0, 0, 0, 1),
(179, 003494, '2020-02-01 00:00:00', 0, 677942, 677942, 677942, 1),
(180, 003511, '2020-02-01 00:00:00', 0, 0, 0, 0, 1),
(181, 003519, '2020-02-01 00:00:00', 0, 0, 0, 0, 1),
(182, 003530, '2020-02-01 00:00:00', 0, 1200250, 1200250, 1200250, 1),
(183, 003533, '2020-02-01 00:00:00', 0, 0, 0, 0, 1),
(184, 003548, '2020-02-01 00:00:00', 0, 0, 0, 0, 1),
(185, 003559, '2020-02-01 00:00:00', 0, 0, 0, 0, 1),
(186, 003561, '2020-02-01 00:00:00', 0, 74131, 74131, 74131, 1),
(187, 003562, '2020-02-01 00:00:00', 0, 1600940, 1600940, 1600940, 1),
(188, 003565, '2020-02-01 00:00:00', 0, 2125380, 2125380, 2125380, 1),
(189, 003568, '2020-02-01 00:00:00', 0, 0, 0, 0, 1),
(190, 003606, '2020-02-01 00:00:00', 0, 93000, 93000, 93000, 1),
(191, 003616, '2020-02-01 00:00:00', 0, 904998, 904998, 904998, 1),
(192, 003629, '2020-02-01 00:00:00', 0, 2880880, 2880880, 2880880, 1),
(193, 003633, '2020-02-01 00:00:00', 0, 187605, 187605, 187605, 1),
(194, 003640, '2020-02-01 00:00:00', 0, 738095, 738095, 738095, 1),
(195, 003652, '2020-02-01 00:00:00', 0, 225000, 225000, 225000, 1),
(196, 003653, '2020-02-01 00:00:00', 0, 514809, 514809, 514809, 1),
(197, 003677, '2020-02-01 00:00:00', 0, 0, 0, 0, 1),
(198, 003693, '2020-02-01 00:00:00', 0, 0, 0, 0, 1),
(199, 003694, '2020-02-01 00:00:00', 0, 0, 0, 0, 1),
(200, 003701, '2020-02-01 00:00:00', 0, 0, 0, 0, 1),
(201, 003702, '2020-02-01 00:00:00', 0, 0, 0, 0, 1),
(202, 003705, '2020-02-01 00:00:00', 0, 0, 0, 0, 1),
(203, 003707, '2020-02-01 00:00:00', 0, 0, 0, 0, 1),
(204, 003711, '2020-02-01 00:00:00', 0, 0, 0, 0, 1),
(205, 003726, '2020-02-01 00:00:00', 0, 80621400, 80621400, 80621400, 1),
(206, 003736, '2020-02-01 00:00:00', 0, 0, 0, 0, 1),
(207, 003745, '2020-02-01 00:00:00', 0, 169000, 169000, 169000, 1),
(208, 003756, '2020-02-01 00:00:00', 0, 311157, 311157, 311157, 1),
(209, 003766, '2020-02-01 00:00:00', 0, 0, 0, 0, 1),
(210, 003768, '2020-02-01 00:00:00', 0, 0, 0, 0, 1),
(211, 003780, '2020-02-01 00:00:00', 0, 1507420, 1507420, 1507420, 1),
(212, 003781, '2020-02-01 00:00:00', 0, 23966600, 23966600, 23966600, 1),
(213, 003785, '2020-02-01 00:00:00', 0, 0, 0, 0, 1),
(214, 003786, '2020-02-01 00:00:00', 0, 0, 0, 0, 1),
(215, 003787, '2020-02-01 00:00:00', 0, 0, 0, 0, 1),
(216, 003793, '2020-02-01 00:00:00', 0, 1132360, 1132360, 1132360, 1),
(217, 003797, '2020-02-01 00:00:00', 0, 0, 0, 0, 1),
(218, 003798, '2020-02-01 00:00:00', 0, 213581, 213581, 213581, 1),
(219, 003800, '2020-02-01 00:00:00', 0, 0, 0, 0, 1),
(220, 003806, '2020-02-01 00:00:00', 0, 1138900, 1138900, 1138900, 1),
(221, 003811, '2020-02-01 00:00:00', 0, 0, 0, 0, 1),
(222, 003824, '2020-02-01 00:00:00', 0, 15389500, 15389500, 15389500, 1),
(223, 003829, '2020-02-01 00:00:00', 0, 0, 0, 0, 1),
(224, 003840, '2020-02-01 00:00:00', 0, 147058, 147058, 147058, 1),
(225, 003845, '2020-02-01 00:00:00', 0, 0, 0, 0, 1),
(226, 003846, '2020-02-01 00:00:00', 0, 0, 0, 0, 1),
(227, 003850, '2020-02-01 00:00:00', 0, 0, 0, 0, 1),
(228, 003852, '2020-02-01 00:00:00', 0, 43701, 43701, 43701, 1),
(229, 003854, '2020-02-01 00:00:00', 0, 0, 0, 0, 1),
(230, 003857, '2020-02-01 00:00:00', 0, 0, 0, 0, 1),
(231, 003864, '2020-02-01 00:00:00', 0, 65000, 65000, 65000, 1),
(232, 003866, '2020-02-01 00:00:00', 0, 0, 0, 0, 1),
(233, 003869, '2020-02-01 00:00:00', 0, 0, 0, 0, 1),
(234, 003872, '2020-02-01 00:00:00', 0, 16212100, 16212100, 16212100, 1),
(235, 003874, '2020-02-01 00:00:00', 0, 861490, 861490, 861490, 1),
(236, 003878, '2020-02-01 00:00:00', 0, 1407390, 1407390, 1407390, 1),
(237, 003882, '2020-02-01 00:00:00', 0, 896000, 896000, 896000, 1),
(238, 003884, '2020-02-01 00:00:00', 0, 0, 0, 0, 1),
(239, 003885, '2020-02-01 00:00:00', 0, 7336250, 7336250, 7336250, 1),
(240, 003887, '2020-02-01 00:00:00', 0, 0, 0, 0, 1),
(241, 003894, '2020-02-01 00:00:00', 0, 0, 0, 0, 1),
(242, 003897, '2020-02-01 00:00:00', 0, 0, 0, 0, 1),
(243, 003902, '2020-02-01 00:00:00', 0, 407620, 407620, 407620, 1),
(244, 003906, '2020-02-01 00:00:00', 0, 5855, 5855, 5855, 1),
(245, 003907, '2020-02-01 00:00:00', 0, 1029200, 1029200, 1029200, 1),
(246, 003909, '2020-02-01 00:00:00', 0, 0, 0, 0, 1),
(247, 003911, '2020-02-01 00:00:00', 0, 0, 0, 0, 1),
(248, 003915, '2020-02-01 00:00:00', 0, 2512920, 2512920, 2512920, 1),
(249, 003917, '2020-02-01 00:00:00', 0, 0, 0, 0, 1),
(250, 003921, '2020-02-01 00:00:00', 0, 0, 0, 0, 1),
(251, 003922, '2020-02-01 00:00:00', 0, 0, 0, 0, 1),
(252, 003927, '2020-02-01 00:00:00', 0, 0, 0, 0, 1),
(253, 003930, '2020-02-01 00:00:00', 0, 0, 0, 0, 1),
(254, 003931, '2020-02-01 00:00:00', 0, 0, 0, 0, 1),
(255, 003932, '2020-02-01 00:00:00', 0, 0, 0, 0, 1),
(256, 003936, '2020-02-01 00:00:00', 0, 0, 0, 0, 1),
(257, 003938, '2020-02-01 00:00:00', 0, 0, 0, 0, 1),
(258, 003939, '2020-02-01 00:00:00', 0, 0, 0, 0, 1),
(259, 003946, '2020-02-01 00:00:00', 0, 0, 0, 0, 1),
(260, 003951, '2020-02-01 00:00:00', 0, 500000, 500000, 500000, 1),
(261, 003954, '2020-02-01 00:00:00', 0, 0, 0, 0, 1),
(262, 003955, '2020-02-01 00:00:00', 0, 788545, 788545, 788545, 1),
(263, 003964, '2020-02-01 00:00:00', 0, 507097, 507097, 507097, 1),
(264, 003967, '2020-02-01 00:00:00', 0, 0, 0, 0, 1),
(265, 003975, '2020-02-01 00:00:00', 0, 0, 0, 0, 1),
(266, 003988, '2020-02-01 00:00:00', 0, 551394, 551394, 551394, 1),
(267, 004000, '2020-02-01 00:00:00', 0, 0, 0, 0, 1),
(268, 004004, '2020-02-01 00:00:00', 0, 0, 0, 0, 1),
(269, 004006, '2020-02-01 00:00:00', 0, 24500, 24500, 24500, 1),
(270, 004012, '2020-02-01 00:00:00', 0, 704169, 704169, 704169, 1),
(271, 004015, '2020-02-01 00:00:00', 0, 145950, 145950, 145950, 1),
(272, 004030, '2020-02-01 00:00:00', 0, 643759, 643759, 643759, 1),
(273, 004034, '2020-02-01 00:00:00', 0, 311199, 311199, 311199, 1),
(274, 004036, '2020-02-01 00:00:00', 0, 0, 0, 0, 1),
(275, 004054, '2020-02-01 00:00:00', 0, 0, 0, 0, 1),
(276, 004055, '2020-02-01 00:00:00', 0, 0, 0, 0, 1),
(277, 004056, '2020-02-01 00:00:00', 0, 0, 0, 0, 1),
(278, 004057, '2020-02-01 00:00:00', 0, 695043, 695043, 695043, 1),
(279, 004062, '2020-02-01 00:00:00', 0, 130101, 130101, 130101, 1),
(280, 004064, '2020-02-01 00:00:00', 0, 332597, 332597, 332597, 1),
(281, 004066, '2020-02-01 00:00:00', 0, 275000, 275000, 275000, 1),
(282, 004090, '2020-02-01 00:00:00', 0, 948916, 948916, 948916, 1),
(283, 004137, '2020-02-01 00:00:00', 0, 0, 0, 0, 1),
(284, 004156, '2020-02-01 00:00:00', 0, 0, 0, 0, 1),
(285, 004160, '2020-02-01 00:00:00', 0, 0, 0, 0, 1),
(286, 004161, '2020-02-01 00:00:00', 0, 0, 0, 0, 1),
(287, 004177, '2020-02-01 00:00:00', 0, 771000, 771000, 771000, 1),
(288, 004178, '2020-02-01 00:00:00', 0, 513446, 513446, 513446, 1),
(289, 004189, '2020-02-01 00:00:00', 0, 0, 0, 0, 1),
(290, 004192, '2020-02-01 00:00:00', 0, 0, 0, 0, 1),
(291, 004195, '2020-02-01 00:00:00', 0, 0, 0, 0, 1),
(292, 004196, '2020-02-01 00:00:00', 0, 2164480, 2164480, 2164480, 1),
(293, 004219, '2020-02-01 00:00:00', 0, 0, 0, 0, 1),
(294, 004221, '2020-02-01 00:00:00', 0, 0, 0, 0, 1),
(295, 004222, '2020-02-01 00:00:00', 0, 1932800, 1932800, 1932800, 1),
(296, 004227, '2020-02-01 00:00:00', 0, 0, 0, 0, 1),
(297, 004230, '2020-02-01 00:00:00', 0, 10280, 10280, 10280, 1),
(298, 004231, '2020-02-01 00:00:00', 0, 0, 0, 0, 1),
(299, 004233, '2020-02-01 00:00:00', 0, 0, 0, 0, 1),
(300, 004234, '2020-02-01 00:00:00', 0, 0, 0, 0, 1),
(301, 004235, '2020-02-01 00:00:00', 0, 0, 0, 0, 1),
(302, 004236, '2020-02-01 00:00:00', 0, 0, 0, 0, 1),
(303, 004241, '2020-02-01 00:00:00', 0, 0, 0, 0, 1),
(304, 004246, '2020-02-01 00:00:00', 0, 255847, 255847, 255847, 1),
(305, 004249, '2020-02-01 00:00:00', 0, 685773, 685773, 685773, 1),
(306, 004255, '2020-02-01 00:00:00', 0, 331716, 331716, 331716, 1),
(307, 004261, '2020-02-01 00:00:00', 0, 82460, 82460, 82460, 1),
(308, 004262, '2020-02-01 00:00:00', 0, 460709, 460709, 460709, 1),
(309, 004265, '2020-02-01 00:00:00', 0, 0, 0, 0, 1),
(310, 004275, '2020-02-01 00:00:00', 0, 1701400, 1701400, 1701400, 1),
(311, 004287, '2020-02-01 00:00:00', 0, 102600, 102600, 102600, 1),
(312, 004288, '2020-02-01 00:00:00', 0, 1053890, 1053890, 1053890, 1),
(313, 004292, '2020-02-01 00:00:00', 0, 0, 0, 0, 1),
(314, 004295, '2020-02-01 00:00:00', 0, 0, 0, 0, 1),
(315, 004323, '2020-02-01 00:00:00', 0, 1080300, 1080300, 1080300, 1),
(316, 004329, '2020-02-01 00:00:00', 0, 0, 0, 0, 1),
(317, 004333, '2020-02-01 00:00:00', 0, 0, 0, 0, 1),
(318, 004337, '2020-02-01 00:00:00', 0, 1646260, 1646260, 1646260, 1),
(319, 004343, '2020-02-01 00:00:00', 0, 0, 0, 0, 1),
(320, 004354, '2020-02-01 00:00:00', 0, 20372500, 20372500, 20372500, 1),
(321, 004358, '2020-02-01 00:00:00', 0, 0, 0, 0, 1),
(322, 004361, '2020-02-01 00:00:00', 0, 0, 0, 0, 1),
(323, 004362, '2020-02-01 00:00:00', 0, 1240720, 1240720, 1240720, 1),
(324, 004363, '2020-02-01 00:00:00', 0, 0, 0, 0, 1),
(325, 004371, '2020-02-01 00:00:00', 0, 2388910, 2388910, 2388910, 1),
(326, 004374, '2020-02-01 00:00:00', 0, 0, 0, 0, 1),
(327, 004375, '2020-02-01 00:00:00', 0, 365047, 365047, 365047, 1),
(328, 004376, '2020-02-01 00:00:00', 0, 226247, 226247, 226247, 1),
(329, 004380, '2020-02-01 00:00:00', 0, 0, 0, 0, 1),
(330, 004381, '2020-02-01 00:00:00', 0, 0, 0, 0, 1),
(331, 004386, '2020-02-01 00:00:00', 0, 6557090, 6557090, 6557090, 1),
(332, 004388, '2020-02-01 00:00:00', 0, 187558, 187558, 187558, 1),
(333, 004392, '2020-02-01 00:00:00', 0, 426970, 426970, 426970, 1),
(334, 004404, '2020-02-01 00:00:00', 0, 0, 0, 0, 1),
(335, 004406, '2020-02-01 00:00:00', 0, 0, 0, 0, 1),
(336, 004431, '2020-02-01 00:00:00', 0, 2664800, 2664800, 2664800, 1),
(337, 004432, '2020-02-01 00:00:00', 0, 0, 0, 0, 1),
(338, 004433, '2020-02-01 00:00:00', 0, 8125, 8125, 8125, 1),
(339, 004440, '2020-02-01 00:00:00', 0, 158064, 158064, 158064, 1),
(340, 004441, '2020-02-01 00:00:00', 0, 450500, 450500, 450500, 1),
(341, 004459, '2020-02-01 00:00:00', 0, 0, 0, 0, 1),
(342, 004462, '2020-02-01 00:00:00', 0, 0, 0, 0, 1),
(343, 004463, '2020-02-01 00:00:00', 0, 0, 0, 0, 1),
(344, 004464, '2020-02-01 00:00:00', 0, 6000000, 6000000, 6000000, 1),
(345, 004471, '2020-02-01 00:00:00', 0, 655555, 655555, 655555, 1),
(346, 004484, '2020-02-01 00:00:00', 0, 160919, 160919, 160919, 1),
(347, 004487, '2020-02-01 00:00:00', 0, 0, 0, 0, 1),
(348, 004489, '2020-02-01 00:00:00', 0, 0, 0, 0, 1),
(349, 004495, '2020-02-01 00:00:00', 0, 661714, 661714, 661714, 1),
(350, 004497, '2020-02-01 00:00:00', 0, 0, 0, 0, 1),
(351, 004500, '2020-02-01 00:00:00', 0, 0, 0, 0, 1),
(352, 004505, '2020-02-01 00:00:00', 0, 355000, 355000, 355000, 1),
(353, 004509, '2020-02-01 00:00:00', 0, 5842290, 5842290, 5842290, 1),
(354, 004510, '2020-02-01 00:00:00', 0, 130000, 130000, 130000, 1),
(355, 004532, '2020-02-01 00:00:00', 0, 0, 0, 0, 1),
(356, 004540, '2020-02-01 00:00:00', 0, 19997800, 19997800, 19997800, 1),
(357, 004542, '2020-02-01 00:00:00', 0, 0, 0, 0, 1),
(358, 004546, '2020-02-01 00:00:00', 0, 675000, 675000, 675000, 1),
(359, 004548, '2020-02-01 00:00:00', 0, 0, 0, 0, 1),
(360, 004550, '2020-02-01 00:00:00', 0, 0, 0, 0, 1),
(361, 004557, '2020-02-01 00:00:00', 0, 1005000, 1005000, 1005000, 1),
(362, 004560, '2020-02-01 00:00:00', 0, 0, 0, 0, 1),
(363, 004561, '2020-02-01 00:00:00', 0, 0, 0, 0, 1),
(364, 004562, '2020-02-01 00:00:00', 0, 208216, 208216, 208216, 1),
(365, 004566, '2020-02-01 00:00:00', 0, 0, 0, 0, 1),
(366, 004568, '2020-02-01 00:00:00', 0, 210549, 210549, 210549, 1),
(367, 004571, '2020-02-01 00:00:00', 0, 0, 0, 0, 1),
(368, 004573, '2020-02-01 00:00:00', 0, 0, 0, 0, 1),
(369, 004575, '2020-02-01 00:00:00', 0, 0, 0, 0, 1),
(370, 004577, '2020-02-01 00:00:00', 0, 113064, 113064, 113064, 1),
(371, 004578, '2020-02-01 00:00:00', 0, 0, 0, 0, 1),
(372, 004581, '2020-02-01 00:00:00', 0, 1050460, 1050460, 1050460, 1),
(373, 004584, '2020-02-01 00:00:00', 0, 220056, 220056, 220056, 1),
(374, 004587, '2020-02-01 00:00:00', 0, 0, 0, 0, 1),
(375, 004592, '2020-02-01 00:00:00', 0, 10000, 10000, 10000, 1),
(376, 004593, '2020-02-01 00:00:00', 0, 180915, 180915, 180915, 1),
(377, 004595, '2020-02-01 00:00:00', 0, 0, 0, 0, 1),
(378, 004596, '2020-02-01 00:00:00', 0, 950747, 950747, 950747, 1),
(379, 004597, '2020-02-01 00:00:00', 0, 3456710, 3456710, 3456710, 1),
(380, 004601, '2020-02-01 00:00:00', 0, 70410, 70410, 70410, 1),
(381, 004617, '2020-02-01 00:00:00', 0, 0, 0, 0, 1),
(382, 004623, '2020-02-01 00:00:00', 0, 0, 0, 0, 1),
(383, 004628, '2020-02-01 00:00:00', 0, 743000, 743000, 743000, 1),
(384, 004629, '2020-02-01 00:00:00', 0, 750000, 750000, 750000, 1),
(385, 004645, '2020-02-01 00:00:00', 0, 0, 0, 0, 1),
(386, 004646, '2020-02-01 00:00:00', 0, 0, 0, 0, 1),
(387, 004648, '2020-02-01 00:00:00', 0, 0, 0, 0, 1),
(388, 004653, '2020-02-01 00:00:00', 0, 36000, 36000, 36000, 1),
(389, 004654, '2020-02-01 00:00:00', 0, 31000, 31000, 31000, 1),
(390, 004656, '2020-02-01 00:00:00', 0, 116548, 116548, 116548, 1),
(391, 004657, '2020-02-01 00:00:00', 0, 63500, 63500, 63500, 1),
(392, 004680, '2020-02-01 00:00:00', 0, 0, 0, 0, 1),
(393, 004681, '2020-02-01 00:00:00', 0, 0, 0, 0, 1),
(394, 004686, '2020-02-01 00:00:00', 0, 592000, 592000, 592000, 1),
(395, 004689, '2020-02-01 00:00:00', 0, 5110760, 5110760, 5110760, 1),
(396, 004696, '2020-02-01 00:00:00', 0, 0, 0, 0, 1),
(397, 004699, '2020-02-01 00:00:00', 0, 0, 0, 0, 1),
(398, 004701, '2020-02-01 00:00:00', 0, 38048, 38048, 38048, 1),
(399, 004703, '2020-02-01 00:00:00', 0, 40100100, 40100100, 40100100, 1),
(400, 004713, '2020-02-01 00:00:00', 0, 0, 0, 0, 1),
(401, 004716, '2020-02-01 00:00:00', 0, 0, 0, 0, 1),
(402, 004718, '2020-02-01 00:00:00', 0, 0, 0, 0, 1),
(403, 004720, '2020-02-01 00:00:00', 0, 1300060, 1300060, 1300060, 1),
(404, 004722, '2020-02-01 00:00:00', 0, 0, 0, 0, 1),
(405, 004732, '2020-02-01 00:00:00', 0, 4901430, 4901430, 4901430, 1),
(406, 004735, '2020-02-01 00:00:00', 0, 0, 0, 0, 1),
(407, 004737, '2020-02-01 00:00:00', 0, 0, 0, 0, 1),
(408, 004741, '2020-02-01 00:00:00', 0, 0, 0, 0, 1),
(409, 004749, '2020-02-01 00:00:00', 0, 6401740, 6401740, 6401740, 1),
(410, 004756, '2020-02-01 00:00:00', 0, 406291, 406291, 406291, 1),
(411, 004759, '2020-02-01 00:00:00', 0, 83, 83, 83, 1),
(412, 004760, '2020-02-01 00:00:00', 0, 0, 0, 0, 1),
(413, 004763, '2020-02-01 00:00:00', 0, 840000, 840000, 840000, 1),
(414, 004769, '2020-02-01 00:00:00', 0, 0, 0, 0, 1),
(415, 004770, '2020-02-01 00:00:00', 0, 0, 0, 0, 1),
(416, 004775, '2020-02-01 00:00:00', 0, 420000, 420000, 420000, 1),
(417, 004777, '2020-02-01 00:00:00', 0, 660000, 660000, 660000, 1),
(418, 004778, '2020-02-01 00:00:00', 0, 430000, 430000, 430000, 1),
(419, 004779, '2020-02-01 00:00:00', 0, 649000, 649000, 649000, 1),
(420, 004780, '2020-02-01 00:00:00', 0, 118000, 118000, 118000, 1),
(421, 004781, '2020-02-01 00:00:00', 0, 0, 0, 0, 1),
(422, 004782, '2020-02-01 00:00:00', 0, 1130000, 1130000, 1130000, 1),
(423, 004783, '2020-02-01 00:00:00', 0, 150000, 150000, 150000, 1),
(424, 004784, '2020-02-01 00:00:00', 0, 1410270, 1410270, 1410270, 1),
(425, 004785, '2020-02-01 00:00:00', 0, 540512, 540512, 540512, 1),
(426, 004786, '2020-02-01 00:00:00', 0, 1452460, 1452460, 1452460, 1),
(427, 004787, '2020-02-01 00:00:00', 0, 565315, 565315, 565315, 1),
(428, 004788, '2020-02-01 00:00:00', 0, 20103, 20103, 20103, 1),
(429, 004789, '2020-02-01 00:00:00', 0, 1870980, 1870980, 1870980, 1),
(430, 004791, '2020-02-01 00:00:00', 0, 270000, 270000, 270000, 1),
(431, 004792, '2020-02-01 00:00:00', 0, 370000, 370000, 370000, 1),
(432, 004793, '2020-02-01 00:00:00', 0, 1848360, 1848360, 1848360, 1),
(433, 004794, '2020-02-01 00:00:00', 0, 1672000, 1672000, 1672000, 1),
(434, 004795, '2020-02-01 00:00:00', 0, 0, 0, 0, 1),
(435, 004796, '2020-02-01 00:00:00', 0, 1412630, 1412630, 1412630, 1),
(436, 004798, '2020-02-01 00:00:00', 0, 0, 0, 0, 1),
(437, 004799, '2020-02-01 00:00:00', 0, 0, 0, 0, 1),
(438, 004800, '2020-02-01 00:00:00', 0, 880120, 880120, 880120, 1),
(439, 004803, '2020-02-01 00:00:00', 0, 1418500, 1418500, 1418500, 1),
(440, 004804, '2020-02-01 00:00:00', 0, 2161860, 2161860, 2161860, 1),
(441, 004805, '2020-02-01 00:00:00', 0, 0, 0, 0, 1),
(442, 004806, '2020-02-01 00:00:00', 0, 487971, 487971, 487971, 1),
(443, 004808, '2020-02-01 00:00:00', 0, 3172180, 3172180, 3172180, 1),
(444, 004811, '2020-02-01 00:00:00', 0, 3659100, 3659100, 3659100, 1),
(445, 004812, '2020-02-01 00:00:00', 0, 0, 0, 0, 1),
(446, 004813, '2020-02-01 00:00:00', 0, 951125, 951125, 951125, 1),
(447, 004818, '2020-02-01 00:00:00', 0, 905281, 905281, 905281, 1),
(448, 004820, '2020-02-01 00:00:00', 0, 0, 0, 0, 1),
(449, 004823, '2020-02-01 00:00:00', 0, 1450000, 1450000, 1450000, 1),
(450, 004824, '2020-02-01 00:00:00', 0, 1351320, 1351320, 1351320, 1),
(451, 004829, '2020-02-01 00:00:00', 0, 1155020, 1155020, 1155020, 1),
(452, 004830, '2020-02-01 00:00:00', 0, 0, 0, 0, 1),
(453, 004831, '2020-02-01 00:00:00', 0, 0, 0, 0, 1),
(454, 004832, '2020-02-01 00:00:00', 0, 2336, 2336, 2336, 1),
(455, 004833, '2020-02-01 00:00:00', 0, 160060, 160060, 160060, 1),
(456, 004834, '2020-02-01 00:00:00', 0, 0, 0, 0, 1),
(457, 004836, '2020-02-01 00:00:00', 0, 3157880, 3157880, 3157880, 1),
(458, 004837, '2020-02-01 00:00:00', 0, 0, 0, 0, 1),
(459, 004838, '2020-02-01 00:00:00', 0, 0, 0, 0, 1),
(460, 004839, '2020-02-01 00:00:00', 0, 49950900, 49950900, 49950900, 1),
(461, 004840, '2020-02-01 00:00:00', 0, 250000, 250000, 250000, 1),
(462, 004843, '2020-02-01 00:00:00', 0, 0, 0, 0, 1),
(463, 004845, '2020-02-01 00:00:00', 0, 795023, 795023, 795023, 1),
(464, 004846, '2020-02-01 00:00:00', 0, 0, 0, 0, 1),
(465, 004848, '2020-02-01 00:00:00', 0, 0, 0, 0, 1),
(466, 004850, '2020-02-01 00:00:00', 0, 0, 0, 0, 1),
(467, 004851, '2020-02-01 00:00:00', 0, 1282580, 1282580, 1282580, 1),
(468, 004852, '2020-02-01 00:00:00', 0, 339884, 339884, 339884, 1),
(469, 004854, '2020-02-01 00:00:00', 0, 0, 0, 0, 1),
(470, 004855, '2020-02-01 00:00:00', 0, 217907, 217907, 217907, 1),
(471, 004856, '2020-02-01 00:00:00', 0, 250083, 250083, 250083, 1),
(472, 004858, '2020-02-01 00:00:00', 0, 790147, 790147, 790147, 1),
(473, 004859, '2020-02-01 00:00:00', 0, 1002000, 1002000, 1002000, 1),
(474, 004860, '2020-02-01 00:00:00', 0, 30312, 30312, 30312, 1),
(475, 004861, '2020-02-01 00:00:00', 0, 1363210, 1363210, 1363210, 1),
(476, 004862, '2020-02-01 00:00:00', 0, 0, 0, 0, 1),
(477, 004863, '2020-02-01 00:00:00', 0, 77950, 77950, 77950, 1),
(478, 004864, '2020-02-01 00:00:00', 0, 24259100, 24259100, 24259100, 1),
(479, 004871, '2020-02-01 00:00:00', 0, 105081, 105081, 105081, 1),
(480, 004872, '2020-02-01 00:00:00', 0, 190175, 190175, 190175, 1),
(481, 004873, '2020-02-01 00:00:00', 0, 0, 0, 0, 1),
(482, 004876, '2020-02-01 00:00:00', 0, 0, 0, 0, 1),
(483, 004878, '2020-02-01 00:00:00', 0, 169000, 169000, 169000, 1),
(484, 004879, '2020-02-01 00:00:00', 0, 0, 0, 0, 1),
(485, 004880, '2020-02-01 00:00:00', 0, 891046, 891046, 891046, 1),
(486, 004882, '2020-02-01 00:00:00', 0, 250000, 250000, 250000, 1),
(487, 004883, '2020-02-01 00:00:00', 0, 1369740, 1369740, 1369740, 1),
(488, 004887, '2020-02-01 00:00:00', 0, 1095450, 1095450, 1095450, 1),
(489, 004888, '2020-02-01 00:00:00', 0, 845000, 845000, 845000, 1),
(490, 004889, '2020-02-01 00:00:00', 0, 168300, 168300, 168300, 1),
(491, 004890, '2020-02-01 00:00:00', 0, 915395, 915395, 915395, 1),
(492, 004891, '2020-02-01 00:00:00', 0, 0, 0, 0, 1),
(493, 004892, '2020-02-01 00:00:00', 0, 11000, 11000, 11000, 1),
(494, 004893, '2020-02-01 00:00:00', 0, 300000, 300000, 300000, 1),
(495, 004894, '2020-02-01 00:00:00', 0, 0, 0, 0, 1),
(496, 004895, '2020-02-01 00:00:00', 0, 0, 0, 0, 1),
(497, 004896, '2020-02-01 00:00:00', 0, 201249, 201249, 201249, 1),
(498, 004897, '2020-02-01 00:00:00', 0, 500000, 500000, 500000, 1),
(499, 004898, '2020-02-01 00:00:00', 0, 1303000, 1303000, 1303000, 1),
(500, 004902, '2020-02-01 00:00:00', 0, 200064, 200064, 200064, 1),
(501, 004903, '2020-02-01 00:00:00', 0, 90000, 90000, 90000, 1),
(502, 004904, '2020-02-01 00:00:00', 0, 690116, 690116, 690116, 1),
(503, 004905, '2020-02-01 00:00:00', 0, 0, 0, 0, 1),
(504, 004906, '2020-02-01 00:00:00', 0, 310, 310, 310, 1),
(505, 004907, '2020-02-01 00:00:00', 0, 0, 0, 0, 1),
(506, 004916, '2020-02-01 00:00:00', 0, 508159, 508159, 508159, 1),
(507, 004918, '2020-02-01 00:00:00', 0, 870829, 870829, 870829, 1),
(508, 004919, '2020-02-01 00:00:00', 0, 1530680, 1530680, 1530680, 1),
(509, 004920, '2020-02-01 00:00:00', 0, 422138, 422138, 422138, 1),
(510, 004921, '2020-02-01 00:00:00', 0, 0, 0, 0, 1),
(511, 004922, '2020-02-01 00:00:00', 0, 15000, 15000, 15000, 1),
(512, 004923, '2020-02-01 00:00:00', 0, 126009, 126009, 126009, 1),
(513, 004926, '2020-02-01 00:00:00', 0, 0, 0, 0, 1),
(514, 004927, '2020-02-01 00:00:00', 0, 670141, 670141, 670141, 1),
(515, 004928, '2020-02-01 00:00:00', 0, 0, 0, 0, 1),
(516, 004929, '2020-02-01 00:00:00', 0, 0, 0, 0, 1),
(517, 004930, '2020-02-01 00:00:00', 0, 0, 0, 0, 1),
(518, 004931, '2020-02-01 00:00:00', 0, 1535680, 1535680, 1535680, 1),
(519, 004932, '2020-02-01 00:00:00', 0, 0, 0, 0, 1),
(520, 004935, '2020-02-01 00:00:00', 0, 1018420, 1018420, 1018420, 1),
(521, 004937, '2020-02-01 00:00:00', 0, 0, 0, 0, 1),
(522, 004938, '2020-02-01 00:00:00', 0, 2000, 2000, 2000, 1),
(523, 004939, '2020-02-01 00:00:00', 0, 591482, 591482, 591482, 1),
(524, 004941, '2020-02-01 00:00:00', 0, 0, 0, 0, 1),
(525, 004943, '2020-02-01 00:00:00', 0, 152942, 152942, 152942, 1),
(526, 004944, '2020-02-01 00:00:00', 0, 470000, 470000, 470000, 1),
(527, 004945, '2020-02-01 00:00:00', 0, 25000, 25000, 25000, 1),
(528, 004946, '2020-02-01 00:00:00', 0, 260499, 260499, 260499, 1),
(529, 004949, '2020-02-01 00:00:00', 0, 12875800, 12875800, 12875800, 1),
(530, 004951, '2020-02-01 00:00:00', 0, 0, 0, 0, 1),
(531, 004952, '2020-02-01 00:00:00', 0, 101325, 101325, 101325, 1),
(532, 004954, '2020-02-01 00:00:00', 0, 5346170, 5346170, 5346170, 1),
(533, 004955, '2020-02-01 00:00:00', 0, 35179, 35179, 35179, 1),
(534, 004956, '2020-02-01 00:00:00', 0, 825888, 825888, 825888, 1),
(535, 004958, '2020-02-01 00:00:00', 0, 790075, 790075, 790075, 1),
(536, 004959, '2020-02-01 00:00:00', 0, 0, 0, 0, 1),
(537, 004960, '2020-02-01 00:00:00', 0, 604077, 604077, 604077, 1),
(538, 004961, '2020-02-01 00:00:00', 0, 0, 0, 0, 1),
(539, 004962, '2020-02-01 00:00:00', 0, 952669, 952669, 952669, 1),
(540, 004963, '2020-02-01 00:00:00', 0, 31000, 31000, 31000, 1),
(541, 004964, '2020-02-01 00:00:00', 0, 0, 0, 0, 1),
(542, 004965, '2020-02-01 00:00:00', 0, 0, 0, 0, 1),
(543, 004966, '2020-02-01 00:00:00', 0, 678536, 678536, 678536, 1),
(544, 004967, '2020-02-01 00:00:00', 0, 0, 0, 0, 1),
(545, 004968, '2020-02-01 00:00:00', 0, 0, 0, 0, 1),
(546, 004969, '2020-02-01 00:00:00', 0, 0, 0, 0, 1),
(547, 004970, '2020-02-01 00:00:00', 0, 12000, 12000, 12000, 1),
(548, 004971, '2020-02-01 00:00:00', 0, 0, 0, 0, 1),
(549, 004972, '2020-02-01 00:00:00', 0, 5000, 5000, 5000, 1),
(550, 004973, '2020-02-01 00:00:00', 0, 0, 0, 0, 1),
(551, 004976, '2020-02-01 00:00:00', 0, 0, 0, 0, 1),
(552, 004980, '2020-02-01 00:00:00', 0, 3291820, 3291820, 3291820, 1),
(553, 004982, '2020-02-01 00:00:00', 0, 3077770, 3077770, 3077770, 1),
(554, 004983, '2020-02-01 00:00:00', 0, 0, 0, 0, 1),
(555, 004984, '2020-02-01 00:00:00', 0, 465000, 465000, 465000, 1),
(556, 004985, '2020-02-01 00:00:00', 0, 0, 0, 0, 1),
(557, 004986, '2020-02-01 00:00:00', 0, 0, 0, 0, 1),
(558, 004987, '2020-02-01 00:00:00', 0, 30000, 30000, 30000, 1),
(559, 004988, '2020-02-01 00:00:00', 0, 0, 0, 0, 1),
(560, 004989, '2020-02-01 00:00:00', 0, 0, 0, 0, 1),
(561, 004990, '2020-02-01 00:00:00', 0, 0, 0, 0, 1),
(562, 004991, '2020-02-01 00:00:00', 0, 0, 0, 0, 1),
(563, 004992, '2020-02-01 00:00:00', 0, 0, 0, 0, 1),
(564, 004993, '2020-02-01 00:00:00', 0, 170000, 170000, 170000, 1),
(565, 004994, '2020-02-01 00:00:00', 0, 0, 0, 0, 1),
(566, 004996, '2020-02-01 00:00:00', 0, 0, 0, 0, 1),
(567, 004997, '2020-02-01 00:00:00', 0, 0, 0, 0, 1),
(568, 004998, '2020-02-01 00:00:00', 0, 0, 0, 0, 1),
(569, 004999, '2020-02-01 00:00:00', 0, 0, 0, 0, 1),
(570, 005000, '2020-02-01 00:00:00', 0, 0, 0, 0, 1),
(571, 005001, '2020-02-01 00:00:00', 0, 691210, 691210, 691210, 1),
(572, 005002, '2020-02-01 00:00:00', 0, 0, 0, 0, 1),
(573, 005012, '2020-02-01 00:00:00', 0, 0, 0, 0, 1),
(574, 005013, '2020-02-01 00:00:00', 0, 0, 0, 0, 1),
(575, 005014, '2020-02-01 00:00:00', 0, 0, 0, 0, 1),
(576, 005015, '2020-02-01 00:00:00', 0, 0, 0, 0, 1),
(577, 005016, '2020-02-01 00:00:00', 0, 0, 0, 0, 1),
(578, 005017, '2020-02-01 00:00:00', 0, 0, 0, 0, 1),
(579, 005018, '2020-02-01 00:00:00', 0, 0, 0, 0, 1),
(580, 005019, '2020-02-01 00:00:00', 0, 1729190, 1729190, 1729190, 1),
(581, 005020, '2020-02-01 00:00:00', 0, 170000, 170000, 170000, 1),
(582, 005021, '2020-02-01 00:00:00', 0, 0, 0, 0, 1),
(583, 005022, '2020-02-01 00:00:00', 0, 0, 0, 0, 1),
(584, 005023, '2020-02-01 00:00:00', 0, 0, 0, 0, 1),
(585, 005024, '2020-02-01 00:00:00', 0, 238093, 238093, 238093, 1),
(586, 005025, '2020-02-01 00:00:00', 0, 0, 0, 0, 1),
(587, 005026, '2020-02-01 00:00:00', 0, 0, 0, 0, 1),
(588, 005027, '2020-02-01 00:00:00', 0, 709726, 709726, 709726, 1),
(589, 005028, '2020-02-01 00:00:00', 0, 10475, 10475, 10475, 1),
(590, 005030, '2020-02-01 00:00:00', 0, 0, 0, 0, 1),
(591, 005031, '2020-02-01 00:00:00', 0, 0, 0, 0, 1),
(592, 005032, '2020-02-01 00:00:00', 0, 6005030, 6005030, 6005030, 1),
(593, 005033, '2020-02-01 00:00:00', 0, 0, 0, 0, 1),
(594, 005034, '2020-02-01 00:00:00', 0, 0, 0, 0, 1),
(595, 005035, '2020-02-01 00:00:00', 0, 1505800, 1505800, 1505800, 1),
(596, 005036, '2020-02-01 00:00:00', 0, 2421030, 2421030, 2421030, 1),
(597, 005037, '2020-02-01 00:00:00', 0, 0, 0, 0, 1),
(598, 005038, '2020-02-01 00:00:00', 0, 0, 0, 0, 1),
(599, 005039, '2020-02-01 00:00:00', 0, 0, 0, 0, 1),
(600, 005040, '2020-02-01 00:00:00', 0, 0, 0, 0, 1),
(601, 005041, '2020-02-01 00:00:00', 0, 0, 0, 0, 1),
(602, 005042, '2020-02-01 00:00:00', 0, 80000, 80000, 80000, 1),
(603, 005043, '2020-02-01 00:00:00', 0, 1492650, 1492650, 1492650, 1),
(604, 005044, '2020-02-01 00:00:00', 0, 37000, 37000, 37000, 1),
(605, 005045, '2020-02-01 00:00:00', 0, 502082, 502082, 502082, 1),
(606, 005046, '2020-02-01 00:00:00', 0, 155060, 155060, 155060, 1),
(607, 005047, '2020-02-01 00:00:00', 0, 0, 0, 0, 1),
(608, 005048, '2020-02-01 00:00:00', 0, 0, 0, 0, 1),
(609, 005049, '2020-02-01 00:00:00', 0, 0, 0, 0, 1),
(610, 005050, '2020-02-01 00:00:00', 0, 0, 0, 0, 1),
(611, 005051, '2020-02-01 00:00:00', 0, 0, 0, 0, 1),
(612, 005052, '2020-02-01 00:00:00', 0, 430177, 430177, 430177, 1),
(613, 005053, '2020-02-01 00:00:00', 0, 0, 0, 0, 1),
(614, 005054, '2020-02-01 00:00:00', 0, 0, 0, 0, 1),
(615, 005055, '2020-02-01 00:00:00', 0, 0, 0, 0, 1),
(616, 005056, '2020-02-01 00:00:00', 0, 1226680, 1226680, 1226680, 1),
(617, 005057, '2020-02-01 00:00:00', 0, 0, 0, 0, 1),
(618, 005058, '2020-02-01 00:00:00', 0, 1793350, 1793350, 1793350, 1),
(619, 005059, '2020-02-01 00:00:00', 0, 0, 0, 0, 1),
(620, 005060, '2020-02-01 00:00:00', 0, 8368350, 8368350, 8368350, 1),
(621, 005061, '2020-02-01 00:00:00', 0, 5033540, 5033540, 5033540, 1),
(622, 005062, '2020-02-01 00:00:00', 0, 0, 0, 0, 1),
(623, 005063, '2020-02-01 00:00:00', 0, 1331070, 1331070, 1331070, 1),
(624, 005064, '2020-02-01 00:00:00', 0, 0, 0, 0, 1),
(625, 005065, '2020-02-01 00:00:00', 0, 0, 0, 0, 1),
(626, 005066, '2020-02-01 00:00:00', 0, 0, 0, 0, 1),
(627, 005067, '2020-02-01 00:00:00', 0, 0, 0, 0, 1),
(628, 005068, '2020-02-01 00:00:00', 0, 453690, 453690, 453690, 1),
(629, 005069, '2020-02-01 00:00:00', 0, 0, 0, 0, 1),
(630, 005070, '2020-02-01 00:00:00', 0, 0, 0, 0, 1),
(631, 005071, '2020-02-01 00:00:00', 0, 0, 0, 0, 1),
(632, 005073, '2020-02-01 00:00:00', 0, 0, 0, 0, 1),
(633, 005074, '2020-02-01 00:00:00', 0, 0, 0, 0, 1),
(634, 005075, '2020-02-01 00:00:00', 0, 0, 0, 0, 1),
(635, 005077, '2020-02-01 00:00:00', 0, 0, 0, 0, 1),
(636, 005078, '2020-02-01 00:00:00', 0, 0, 0, 0, 1),
(637, 005079, '2020-02-01 00:00:00', 0, 0, 0, 0, 1),
(638, 005080, '2020-02-01 00:00:00', 0, 0, 0, 0, 1),
(639, 005081, '2020-02-01 00:00:00', 0, 0, 0, 0, 1),
(640, 005082, '2020-02-01 00:00:00', 0, 304055, 304055, 304055, 1),
(641, 005083, '2020-02-01 00:00:00', 0, 0, 0, 0, 1),
(642, 005085, '2020-02-01 00:00:00', 0, 720168, 720168, 720168, 1),
(643, 005086, '2020-02-01 00:00:00', 0, 0, 0, 0, 1),
(644, 005087, '2020-02-01 00:00:00', 0, 0, 0, 0, 1),
(645, 005088, '2020-02-01 00:00:00', 0, 0, 0, 0, 1),
(646, 005089, '2020-02-01 00:00:00', 0, 0, 0, 0, 1),
(647, 005090, '2020-02-01 00:00:00', 0, 0, 0, 0, 1),
(648, 005091, '2020-02-01 00:00:00', 0, 0, 0, 0, 1),
(649, 005092, '2020-02-01 00:00:00', 0, 0, 0, 0, 1),
(650, 005093, '2020-02-01 00:00:00', 0, 0, 0, 0, 1),
(651, 005096, '2020-02-01 00:00:00', 0, 1711090, 1711090, 1711090, 1),
(652, 005099, '2020-02-01 00:00:00', 0, 0, 0, 0, 1),
(653, 005100, '2020-02-01 00:00:00', 0, 2555640, 2555640, 2555640, 1),
(654, 005101, '2020-02-01 00:00:00', 0, 0, 0, 0, 1),
(655, 005102, '2020-02-01 00:00:00', 0, 3804510, 3804510, 3804510, 1),
(656, 005103, '2020-02-01 00:00:00', 0, 505653, 505653, 505653, 1),
(657, 005104, '2020-02-01 00:00:00', 0, 0, 0, 0, 1),
(658, 005105, '2020-02-01 00:00:00', 0, 1100340, 1100340, 1100340, 1),
(659, 005106, '2020-02-01 00:00:00', 0, 0, 0, 0, 1),
(660, 005107, '2020-02-01 00:00:00', 0, 0, 0, 0, 1),
(661, 005108, '2020-02-01 00:00:00', 0, 0, 0, 0, 1),
(662, 005109, '2020-02-01 00:00:00', 0, 0, 0, 0, 1),
(663, 005110, '2020-02-01 00:00:00', 0, 0, 0, 0, 1),
(664, 005111, '2020-02-01 00:00:00', 0, 0, 0, 0, 1),
(665, 005112, '2020-02-01 00:00:00', 0, 330102, 330102, 330102, 1),
(666, 005113, '2020-02-01 00:00:00', 0, 0, 0, 0, 1),
(667, 005114, '2020-02-01 00:00:00', 0, 450000, 450000, 450000, 1),
(668, 005115, '2020-02-01 00:00:00', 0, 0, 0, 0, 1),
(669, 005116, '2020-02-01 00:00:00', 0, 0, 0, 0, 1),
(670, 005117, '2020-02-01 00:00:00', 0, 0, 0, 0, 1),
(671, 005120, '2020-02-01 00:00:00', 0, 110127, 110127, 110127, 1),
(672, 005121, '2020-02-01 00:00:00', 0, 6113680, 6113680, 6113680, 1),
(673, 005122, '2020-02-01 00:00:00', 0, 160000, 160000, 160000, 1),
(674, 005123, '2020-02-01 00:00:00', 0, 11136, 11136, 11136, 1),
(675, 005124, '2020-02-01 00:00:00', 0, 0, 0, 0, 1),
(676, 005126, '2020-02-01 00:00:00', 0, 530000, 530000, 530000, 1),
(677, 005127, '2020-02-01 00:00:00', 0, 0, 0, 0, 1),
(678, 005128, '2020-02-01 00:00:00', 0, 0, 0, 0, 1),
(679, 005129, '2020-02-01 00:00:00', 0, 0, 0, 0, 1),
(680, 005131, '2020-02-01 00:00:00', 0, 727058, 727058, 727058, 1),
(681, 005132, '2020-02-01 00:00:00', 0, 0, 0, 0, 1),
(682, 005133, '2020-02-01 00:00:00', 0, 0, 0, 0, 1),
(683, 005134, '2020-02-01 00:00:00', 0, 0, 0, 0, 1),
(684, 005135, '2020-02-01 00:00:00', 0, 0, 0, 0, 1),
(685, 005136, '2020-02-01 00:00:00', 0, 58000, 58000, 58000, 1),
(686, 005137, '2020-02-01 00:00:00', 0, 0, 0, 0, 1),
(687, 005138, '2020-02-01 00:00:00', 0, 0, 0, 0, 1),
(688, 005139, '2020-02-01 00:00:00', 0, 33090, 33090, 33090, 1),
(689, 005140, '2020-02-01 00:00:00', 0, 0, 0, 0, 1),
(690, 005141, '2020-02-01 00:00:00', 0, 380000, 380000, 380000, 1),
(691, 005142, '2020-02-01 00:00:00', 0, 1139620, 1139620, 1139620, 1),
(692, 005143, '2020-02-01 00:00:00', 0, 0, 0, 0, 1),
(693, 005144, '2020-02-01 00:00:00', 0, 0, 0, 0, 1),
(694, 005145, '2020-02-01 00:00:00', 0, 1823480, 1823480, 1823480, 1),
(695, 005146, '2020-02-01 00:00:00', 0, 730878, 730878, 730878, 1),
(696, 005147, '2020-02-01 00:00:00', 0, 0, 0, 0, 1),
(697, 005148, '2020-02-01 00:00:00', 0, 0, 0, 0, 1),
(698, 005149, '2020-02-01 00:00:00', 0, 25500, 25500, 25500, 1),
(699, 005150, '2020-02-01 00:00:00', 0, 0, 0, 0, 1),
(700, 005151, '2020-02-01 00:00:00', 0, 10000, 10000, 10000, 1),
(701, 005152, '2020-02-01 00:00:00', 0, 140091, 140091, 140091, 1),
(702, 005153, '2020-02-01 00:00:00', 0, 80000, 80000, 80000, 1),
(703, 005154, '2020-02-01 00:00:00', 0, 2120460, 2120460, 2120460, 1),
(704, 005155, '2020-02-01 00:00:00', 0, 1100000, 1100000, 1100000, 1),
(705, 005156, '2020-02-01 00:00:00', 0, 565200, 565200, 565200, 1),
(706, 005157, '2020-02-01 00:00:00', 0, 2217120, 2217120, 2217120, 1),
(707, 005158, '2020-02-01 00:00:00', 0, 0, 0, 0, 1),
(708, 005159, '2020-02-01 00:00:00', 0, 0, 0, 0, 1),
(709, 005160, '2020-02-01 00:00:00', 0, 0, 0, 0, 1),
(710, 005161, '2020-02-01 00:00:00', 0, 0, 0, 0, 1),
(711, 005162, '2020-02-01 00:00:00', 0, 735440, 735440, 735440, 1),
(712, 005163, '2020-02-01 00:00:00', 0, 0, 0, 0, 1),
(713, 005166, '2020-02-01 00:00:00', 0, 0, 0, 0, 1),
(714, 005167, '2020-02-01 00:00:00', 0, 811845, 811845, 811845, 1),
(715, 005168, '2020-02-01 00:00:00', 0, 239, 239, 239, 1),
(716, 005169, '2020-02-01 00:00:00', 0, 0, 0, 0, 1),
(717, 005170, '2020-02-01 00:00:00', 0, 375127, 375127, 375127, 1),
(718, 005171, '2020-02-01 00:00:00', 0, 36000, 36000, 36000, 1),
(719, 005172, '2020-02-01 00:00:00', 0, 0, 0, 0, 1),
(720, 005173, '2020-02-01 00:00:00', 0, 7011440, 7011440, 7011440, 1),
(721, 005174, '2020-02-01 00:00:00', 0, 208960, 208960, 208960, 1),
(722, 005175, '2020-02-01 00:00:00', 0, 0, 0, 0, 1),
(723, 005176, '2020-02-01 00:00:00', 0, 10000, 10000, 10000, 1),
(724, 005177, '2020-02-01 00:00:00', 0, 0, 0, 0, 1),
(725, 005178, '2020-02-01 00:00:00', 0, 0, 0, 0, 1),
(726, 005179, '2020-02-01 00:00:00', 0, 108559, 108559, 108559, 1),
(727, 005180, '2020-02-01 00:00:00', 0, 50000, 50000, 50000, 1),
(728, 005181, '2020-02-01 00:00:00', 0, 55000, 55000, 55000, 1),
(729, 005182, '2020-02-01 00:00:00', 0, 0, 0, 0, 1),
(730, 005183, '2020-02-01 00:00:00', 0, 1418270, 1418270, 1418270, 1),
(731, 005184, '2020-02-01 00:00:00', 0, 660724, 660724, 660724, 1),
(732, 005185, '2020-02-01 00:00:00', 0, 0, 0, 0, 1),
(733, 005186, '2020-02-01 00:00:00', 0, 0, 0, 0, 1),
(734, 005187, '2020-02-01 00:00:00', 0, 15065000, 15065000, 15065000, 1),
(735, 005188, '2020-02-01 00:00:00', 0, 325043, 325043, 325043, 1),
(736, 005189, '2020-02-01 00:00:00', 0, 1235000, 1235000, 1235000, 1),
(737, 005190, '2020-02-01 00:00:00', 0, 0, 0, 0, 1),
(738, 005191, '2020-02-01 00:00:00', 0, 0, 0, 0, 1),
(739, 005192, '2020-02-01 00:00:00', 0, 0, 0, 0, 1),
(740, 005193, '2020-02-01 00:00:00', 0, 0, 0, 0, 1),
(741, 005194, '2020-02-01 00:00:00', 0, 0, 0, 0, 1),
(742, 005195, '2020-02-01 00:00:00', 0, 0, 0, 0, 1),
(743, 005196, '2020-02-01 00:00:00', 0, 34545300, 34545300, 34545300, 1),
(744, 005197, '2020-02-01 00:00:00', 0, 1861000, 1861000, 1861000, 1),
(745, 005198, '2020-02-01 00:00:00', 0, 299973, 299973, 299973, 1),
(746, 005199, '2020-02-01 00:00:00', 0, 0, 0, 0, 1),
(747, 005200, '2020-02-01 00:00:00', 0, 0, 0, 0, 1),
(748, 005201, '2020-02-01 00:00:00', 0, 363151, 363151, 363151, 1),
(749, 005202, '2020-02-01 00:00:00', 0, 0, 0, 0, 1),
(750, 005203, '2020-02-01 00:00:00', 0, 0, 0, 0, 1),
(751, 005204, '2020-02-01 00:00:00', 0, 447533, 447533, 447533, 1),
(752, 005205, '2020-02-01 00:00:00', 0, 0, 0, 0, 1),
(753, 005206, '2020-02-01 00:00:00', 0, 3474010, 3474010, 3474010, 1),
(754, 005207, '2020-02-01 00:00:00', 0, 0, 0, 0, 1),
(755, 005208, '2020-02-01 00:00:00', 0, 0, 0, 0, 1),
(756, 005209, '2020-02-01 00:00:00', 0, 792291, 792291, 792291, 1),
(757, 005210, '2020-02-01 00:00:00', 0, 0, 0, 0, 1),
(758, 005211, '2020-02-01 00:00:00', 0, 0, 0, 0, 1),
(759, 005212, '2020-02-01 00:00:00', 0, 0, 0, 0, 1),
(760, 005213, '2020-02-01 00:00:00', 0, 204000, 204000, 204000, 1),
(761, 005214, '2020-02-01 00:00:00', 0, 65060, 65060, 65060, 1),
(762, 005215, '2020-02-01 00:00:00', 0, 3351750, 3351750, 3351750, 1),
(763, 005216, '2020-02-01 00:00:00', 0, 2105810, 2105810, 2105810, 1),
(764, 005217, '2020-02-01 00:00:00', 0, 0, 0, 0, 1),
(765, 005218, '2020-02-01 00:00:00', 0, 371075, 371075, 371075, 1),
(766, 005220, '2020-02-01 00:00:00', 0, 0, 0, 0, 1),
(767, 005221, '2020-02-01 00:00:00', 0, 260061, 260061, 260061, 1),
(768, 005222, '2020-02-01 00:00:00', 0, 0, 0, 0, 1),
(769, 005224, '2020-02-01 00:00:00', 0, 20083, 20083, 20083, 1),
(770, 005226, '2020-02-01 00:00:00', 0, 120000, 120000, 120000, 1),
(771, 005227, '2020-02-01 00:00:00', 0, 1502150, 1502150, 1502150, 1),
(772, 005228, '2020-02-01 00:00:00', 0, 2405000, 2405000, 2405000, 1),
(773, 005229, '2020-02-01 00:00:00', 0, 2075000, 2075000, 2075000, 1),
(774, 005230, '2020-02-01 00:00:00', 0, 0, 0, 0, 1),
(775, 005231, '2020-02-01 00:00:00', 0, 0, 0, 0, 1),
(776, 005232, '2020-02-01 00:00:00', 0, 200500, 200500, 200500, 1),
(777, 005233, '2020-02-01 00:00:00', 0, 0, 0, 0, 1),
(778, 005235, '2020-02-01 00:00:00', 0, 149125, 149125, 149125, 1),
(779, 005236, '2020-02-01 00:00:00', 0, 0, 0, 0, 1),
(780, 005237, '2020-02-01 00:00:00', 0, 633375, 633375, 633375, 1),
(781, 005238, '2020-02-01 00:00:00', 0, 10305800, 10305800, 10305800, 1),
(782, 005239, '2020-02-01 00:00:00', 0, 303466, 303466, 303466, 1),
(783, 005240, '2020-02-01 00:00:00', 0, 0, 0, 0, 1),
(784, 005242, '2020-02-01 00:00:00', 0, 625337, 625337, 625337, 1),
(785, 005243, '2020-02-01 00:00:00', 0, 740000, 740000, 740000, 1),
(786, 005244, '2020-02-01 00:00:00', 0, 3088520, 3088520, 3088520, 1),
(787, 005245, '2020-02-01 00:00:00', 0, 701538, 701538, 701538, 1),
(788, 005246, '2020-02-01 00:00:00', 0, 15000, 15000, 15000, 1),
(789, 005247, '2020-02-01 00:00:00', 0, 0, 0, 0, 1),
(790, 005248, '2020-02-01 00:00:00', 0, 540000, 540000, 540000, 1),
(791, 005250, '2020-02-01 00:00:00', 0, 0, 0, 0, 1),
(792, 005251, '2020-02-01 00:00:00', 0, 65087, 65087, 65087, 1),
(793, 005252, '2020-02-01 00:00:00', 0, 0, 0, 0, 1),
(794, 005253, '2020-02-01 00:00:00', 0, 120000, 120000, 120000, 1),
(795, 005254, '2020-02-01 00:00:00', 0, 206031, 206031, 206031, 1),
(796, 005255, '2020-02-01 00:00:00', 0, 0, 0, 0, 1),
(797, 005256, '2020-02-01 00:00:00', 0, 0, 0, 0, 1),
(798, 005257, '2020-02-01 00:00:00', 0, 0, 0, 0, 1),
(799, 005258, '2020-02-01 00:00:00', 0, 0, 0, 0, 1),
(800, 005259, '2020-02-01 00:00:00', 0, 0, 0, 0, 1),
(801, 005260, '2020-02-01 00:00:00', 0, 0, 0, 0, 1),
(802, 005261, '2020-02-01 00:00:00', 0, 36000, 36000, 36000, 1),
(803, 005262, '2020-02-01 00:00:00', 0, 2895020, 2895020, 2895020, 1),
(804, 005263, '2020-02-01 00:00:00', 0, 5070000, 5070000, 5070000, 1),
(805, 005264, '2020-02-01 00:00:00', 0, 310129, 310129, 310129, 1),
(806, 005265, '2020-02-01 00:00:00', 0, 55000, 55000, 55000, 1),
(807, 005266, '2020-02-01 00:00:00', 0, 252314, 252314, 252314, 1),
(808, 005267, '2020-02-01 00:00:00', 0, 5476580, 5476580, 5476580, 1),
(809, 005268, '2020-02-01 00:00:00', 0, 60000, 60000, 60000, 1),
(810, 005269, '2020-02-01 00:00:00', 0, 470000, 470000, 470000, 1),
(811, 005270, '2020-02-01 00:00:00', 0, 4551890, 4551890, 4551890, 1),
(812, 005271, '2020-02-01 00:00:00', 0, 437078, 437078, 437078, 1),
(813, 005272, '2020-02-01 00:00:00', 0, 0, 0, 0, 1),
(814, 005273, '2020-02-01 00:00:00', 0, 0, 0, 0, 1),
(815, 005274, '2020-02-01 00:00:00', 0, 50079, 50079, 50079, 1),
(816, 005275, '2020-02-01 00:00:00', 0, 10000, 10000, 10000, 1),
(817, 005276, '2020-02-01 00:00:00', 0, 10000, 10000, 10000, 1),
(818, 005277, '2020-02-01 00:00:00', 0, 0, 0, 0, 1),
(819, 005278, '2020-02-01 00:00:00', 0, 0, 0, 0, 1),
(820, 005279, '2020-02-01 00:00:00', 0, 0, 0, 0, 1),
(821, 005280, '2020-02-01 00:00:00', 0, 0, 0, 0, 1),
(822, 005281, '2020-02-01 00:00:00', 0, 0, 0, 0, 1),
(823, 005282, '2020-02-01 00:00:00', 0, 2127, 2127, 2127, 1),
(824, 005283, '2020-02-01 00:00:00', 0, 967577, 967577, 967577, 1),
(825, 005284, '2020-02-01 00:00:00', 0, 416212, 416212, 416212, 1),
(826, 005285, '2020-02-01 00:00:00', 0, 35000, 35000, 35000, 1),
(827, 005286, '2020-02-01 00:00:00', 0, 0, 0, 0, 1),
(828, 005287, '2020-02-01 00:00:00', 0, 163000, 163000, 163000, 1),
(829, 005288, '2020-02-01 00:00:00', 0, 655531, 655531, 655531, 1),
(830, 005289, '2020-02-01 00:00:00', 0, 699917, 699917, 699917, 1),
(831, 005290, '2020-02-01 00:00:00', 0, 0, 0, 0, 1),
(832, 005291, '2020-02-01 00:00:00', 0, 3957000, 3957000, 3957000, 1),
(833, 005292, '2020-02-01 00:00:00', 0, 2082060, 2082060, 2082060, 1),
(834, 005293, '2020-02-01 00:00:00', 0, 0, 0, 0, 1),
(835, 005294, '2020-02-01 00:00:00', 0, 535000, 535000, 535000, 1),
(836, 005295, '2020-02-01 00:00:00', 0, 0, 0, 0, 1),
(837, 005296, '2020-02-01 00:00:00', 0, 117954, 117954, 117954, 1),
(838, 005297, '2020-02-01 00:00:00', 0, 0, 0, 0, 1),
(839, 005298, '2020-02-01 00:00:00', 0, 2004080, 2004080, 2004080, 1),
(840, 005299, '2020-02-01 00:00:00', 0, 43000, 43000, 43000, 1),
(841, 005300, '2020-02-01 00:00:00', 0, 570056, 570056, 570056, 1),
(842, 005301, '2020-02-01 00:00:00', 0, 240667, 240667, 240667, 1),
(843, 005302, '2020-02-01 00:00:00', 0, 0, 0, 0, 1),
(844, 005303, '2020-02-01 00:00:00', 0, 80000, 80000, 80000, 1),
(845, 005304, '2020-02-01 00:00:00', 0, 10000, 10000, 10000, 1),
(846, 005305, '2020-02-01 00:00:00', 0, 0, 0, 0, 1);
INSERT INTO `master_detail_rekening_simuda` (`id_detail_rekening_simuda`, `no_rekening_simuda`, `datetime`, `debet`, `kredit`, `saldo`, `saldo_terendah`, `id_user`) VALUES
(847, 005306, '2020-02-01 00:00:00', 0, 275087, 275087, 275087, 1),
(848, 005307, '2020-02-01 00:00:00', 0, 822559, 822559, 822559, 1),
(849, 005308, '2020-02-01 00:00:00', 0, 0, 0, 0, 1),
(850, 005309, '2020-02-01 00:00:00', 0, 80000, 80000, 80000, 1),
(851, 005310, '2020-02-01 00:00:00', 0, 140577, 140577, 140577, 1),
(852, 005311, '2020-02-01 00:00:00', 0, 150062, 150062, 150062, 1),
(853, 005312, '2020-02-01 00:00:00', 0, 100041, 100041, 100041, 1),
(854, 005313, '2020-02-01 00:00:00', 0, 1542, 1542, 1542, 1),
(855, 005314, '2020-02-01 00:00:00', 0, 0, 0, 0, 1),
(856, 005315, '2020-02-01 00:00:00', 0, 270129, 270129, 270129, 1),
(857, 005316, '2020-02-01 00:00:00', 0, 1701040, 1701040, 1701040, 1),
(858, 005317, '2020-02-01 00:00:00', 0, 59000, 59000, 59000, 1),
(859, 005318, '2020-02-01 00:00:00', 0, 0, 0, 0, 1),
(860, 005319, '2020-02-01 00:00:00', 0, 0, 0, 0, 1),
(861, 005320, '2020-02-01 00:00:00', 0, 2036020, 2036020, 2036020, 1),
(862, 005321, '2020-02-01 00:00:00', 0, 305082, 305082, 305082, 1),
(863, 005322, '2020-02-01 00:00:00', 0, 7508660, 7508660, 7508660, 1),
(864, 005323, '2020-02-01 00:00:00', 0, 12062000, 12062000, 12062000, 1),
(865, 005324, '2020-02-01 00:00:00', 0, 40000, 40000, 40000, 1),
(866, 005325, '2020-02-01 00:00:00', 0, 195000, 195000, 195000, 1),
(867, 005326, '2020-02-01 00:00:00', 0, 30000, 30000, 30000, 1),
(868, 005327, '2020-02-01 00:00:00', 0, 3804860, 3804860, 3804860, 1),
(869, 005328, '2020-02-01 00:00:00', 0, 0, 0, 0, 1),
(870, 005329, '2020-02-01 00:00:00', 0, 0, 0, 0, 1),
(871, 005330, '2020-02-01 00:00:00', 0, 45000, 45000, 45000, 1),
(872, 005331, '2020-02-01 00:00:00', 0, 200000, 200000, 200000, 1),
(873, 005332, '2020-02-01 00:00:00', 0, 65000, 65000, 65000, 1),
(874, 005333, '2020-02-01 00:00:00', 0, 1870000, 1870000, 1870000, 1),
(875, 005334, '2020-02-01 00:00:00', 0, 1090000, 1090000, 1090000, 1),
(876, 005335, '2020-02-01 00:00:00', 0, 2965580, 2965580, 2965580, 1),
(877, 005336, '2020-02-01 00:00:00', 0, 650000, 650000, 650000, 1),
(878, 005337, '2020-02-01 00:00:00', 0, 1005540, 1005540, 1005540, 1),
(879, 005338, '2020-02-01 00:00:00', 0, 59000, 59000, 59000, 1),
(880, 005339, '2020-02-01 00:00:00', 0, 219186, 219186, 219186, 1),
(881, 005340, '2020-02-01 00:00:00', 0, 2311480, 2311480, 2311480, 1),
(882, 005341, '2020-02-01 00:00:00', 0, 1551690, 1551690, 1551690, 1),
(883, 005342, '2020-02-01 00:00:00', 0, 9525980, 9525980, 9525980, 1),
(884, 005343, '2020-02-01 00:00:00', 0, 0, 0, 0, 1),
(885, 005344, '2020-02-01 00:00:00', 0, 575000, 575000, 575000, 1),
(886, 005345, '2020-02-01 00:00:00', 0, 813, 813, 813, 1),
(887, 005346, '2020-02-01 00:00:00', 0, 1462000, 1462000, 1462000, 1),
(888, 005347, '2020-02-01 00:00:00', 0, 0, 0, 0, 1),
(889, 005348, '2020-02-01 00:00:00', 0, 160000, 160000, 160000, 1),
(890, 005349, '2020-02-01 00:00:00', 0, 880000, 880000, 880000, 1),
(891, 005350, '2020-02-01 00:00:00', 0, 25000, 25000, 25000, 1),
(892, 005351, '2020-02-01 00:00:00', 0, 26200000, 26200000, 26200000, 1),
(893, 005352, '2020-02-01 00:00:00', 0, 83000, 83000, 83000, 1),
(894, 005353, '2020-02-01 00:00:00', 0, 45000, 45000, 45000, 1),
(895, 005354, '2020-02-01 00:00:00', 0, 70371, 70371, 70371, 1),
(896, 005355, '2020-02-01 00:00:00', 0, 32000, 32000, 32000, 1),
(897, 005356, '2020-02-01 00:00:00', 0, 239000, 239000, 239000, 1),
(898, 005357, '2020-02-01 00:00:00', 0, 158000, 158000, 158000, 1),
(899, 005358, '2020-02-01 00:00:00', 0, 115000, 115000, 115000, 1),
(900, 005359, '2020-02-01 00:00:00', 0, 430000, 430000, 430000, 1),
(901, 005360, '2020-02-01 00:00:00', 0, 130000, 130000, 130000, 1),
(902, 005361, '2020-02-01 00:00:00', 0, 3829920, 3829920, 3829920, 1),
(903, 005362, '2020-02-01 00:00:00', 0, 502008, 502008, 502008, 1),
(904, 005363, '2020-02-01 00:00:00', 0, 0, 0, 0, 1),
(905, 005364, '2020-02-01 00:00:00', 0, 80000, 80000, 80000, 1),
(906, 005365, '2020-02-01 00:00:00', 0, 0, 0, 0, 1),
(907, 005366, '2020-02-01 00:00:00', 0, 240000, 240000, 240000, 1),
(908, 005367, '2020-02-01 00:00:00', 0, 352000, 352000, 352000, 1),
(909, 005368, '2020-02-01 00:00:00', 0, 15000, 15000, 15000, 1),
(910, 005369, '2020-02-01 00:00:00', 0, 36000, 36000, 36000, 1),
(911, 005370, '2020-02-01 00:00:00', 0, 535000, 535000, 535000, 1),
(912, 005371, '2020-02-01 00:00:00', 0, 3805000, 3805000, 3805000, 1),
(913, 005372, '2020-02-01 00:00:00', 0, 32030000, 32030000, 32030000, 1),
(914, 005373, '2020-02-01 00:00:00', 0, 500000, 500000, 500000, 1),
(915, 005374, '2020-02-01 00:00:00', 0, 715000, 715000, 715000, 1),
(916, 005375, '2020-02-01 00:00:00', 0, 0, 0, 0, 1),
(917, 005376, '2020-02-01 00:00:00', 0, 0, 0, 0, 1),
(918, 005377, '2020-02-01 00:00:00', 0, 0, 0, 0, 1),
(919, 005378, '2020-02-01 00:00:00', 0, 250000, 250000, 250000, 1),
(920, 005379, '2020-02-01 00:00:00', 0, 155000, 155000, 155000, 1),
(921, 005380, '2020-02-01 00:00:00', 0, 1018700, 1018700, 1018700, 1),
(922, 005381, '2020-02-01 00:00:00', 0, 1510000, 1510000, 1510000, 1),
(923, 005382, '2020-02-01 00:00:00', 0, 10515900, 10515900, 10515900, 1),
(924, 005383, '2020-02-01 00:00:00', 0, 2819860, 2819860, 2819860, 1),
(925, 005384, '2020-02-01 00:00:00', 0, 30000, 30000, 30000, 1),
(926, 005385, '2020-02-01 00:00:00', 0, 540000, 540000, 540000, 1),
(927, 005386, '2020-02-01 00:00:00', 0, 2000, 2000, 2000, 1),
(928, 005387, '2020-02-01 00:00:00', 0, 4004160, 4004160, 4004160, 1),
(929, 005388, '2020-02-01 00:00:00', 0, 100000, 100000, 100000, 1),
(930, 005389, '2020-02-01 00:00:00', 0, 1657000, 1657000, 1657000, 1),
(931, 005390, '2020-02-01 00:00:00', 0, 0, 0, 0, 1),
(932, 005391, '2020-02-01 00:00:00', 0, 25000, 25000, 25000, 1),
(933, 005392, '2020-02-01 00:00:00', 0, 58000, 58000, 58000, 1),
(934, 005393, '2020-02-01 00:00:00', 0, 113579, 113579, 113579, 1),
(935, 005394, '2020-02-01 00:00:00', 0, 57000, 57000, 57000, 1),
(936, 005395, '2020-02-01 00:00:00', 0, 80000, 80000, 80000, 1),
(937, 005396, '2020-02-01 00:00:00', 0, 10000000, 10000000, 10000000, 1),
(938, 005397, '2020-02-01 00:00:00', 0, 2638000, 2638000, 2638000, 1),
(939, 005398, '2020-02-01 00:00:00', 0, 625, 625, 625, 1),
(940, 005399, '2020-02-01 00:00:00', 0, 0, 0, 0, 1),
(941, 005400, '2020-02-01 00:00:00', 0, 572000, 572000, 572000, 1),
(942, 005401, '2020-02-01 00:00:00', 0, 50000, 50000, 50000, 1),
(943, 005402, '2020-02-01 00:00:00', 0, 14000, 14000, 14000, 1),
(944, 005403, '2020-02-01 00:00:00', 0, 25000, 25000, 25000, 1),
(945, 005404, '2020-02-01 00:00:00', 0, 104000, 104000, 104000, 1),
(946, 005405, '2020-02-01 00:00:00', 0, 130000, 130000, 130000, 1),
(947, 005406, '2020-02-01 00:00:00', 0, 500416, 500416, 500416, 1),
(948, 005407, '2020-02-01 00:00:00', 0, 10000, 10000, 10000, 1),
(949, 005408, '2020-02-01 00:00:00', 0, 0, 0, 0, 1),
(950, 005409, '2020-02-01 00:00:00', 0, 260000, 260000, 260000, 1),
(951, 005410, '2020-02-01 00:00:00', 0, 180000, 180000, 180000, 1),
(952, 005411, '2020-02-01 00:00:00', 0, 163000, 163000, 163000, 1),
(953, 005412, '2020-02-01 00:00:00', 0, 400000, 400000, 400000, 1),
(954, 005413, '2020-02-01 00:00:00', 0, 638000, 638000, 638000, 1),
(955, 005414, '2020-02-01 00:00:00', 0, 440000, 440000, 440000, 1),
(956, 005415, '2020-02-01 00:00:00', 0, 30000, 30000, 30000, 1),
(957, 005416, '2020-02-01 00:00:00', 0, 450000, 450000, 450000, 1),
(958, 005417, '2020-02-01 00:00:00', 0, 625000, 625000, 625000, 1),
(959, 005418, '2020-02-01 00:00:00', 0, 1210000, 1210000, 1210000, 1),
(960, 005419, '2020-02-01 00:00:00', 0, 5200000, 5200000, 5200000, 1),
(961, 005420, '2020-02-01 00:00:00', 0, 650000, 650000, 650000, 1),
(962, 005421, '2020-02-01 00:00:00', 0, 0, 0, 0, 1),
(963, 005422, '2020-02-01 00:00:00', 0, 80000, 80000, 80000, 1),
(964, 005423, '2020-02-01 00:00:00', 0, 0, 0, 0, 1),
(965, 005424, '2020-02-01 00:00:00', 0, 125000, 125000, 125000, 1),
(966, 005425, '2020-02-01 00:00:00', 0, 425000, 425000, 425000, 1),
(967, 005426, '2020-02-01 00:00:00', 0, 1000000, 1000000, 1000000, 1),
(968, 005427, '2020-02-01 00:00:00', 0, 1000000, 1000000, 1000000, 1),
(969, 005428, '2020-02-01 00:00:00', 0, 48000, 48000, 48000, 1),
(970, 005429, '2020-02-01 00:00:00', 0, 50000, 50000, 50000, 1),
(971, 005430, '2020-02-01 00:00:00', 0, 20000, 20000, 20000, 1),
(972, 005431, '2020-02-01 00:00:00', 0, 750000, 750000, 750000, 1),
(973, 005432, '2020-02-01 00:00:00', 0, 2450000, 2450000, 2450000, 1),
(974, 005433, '2020-02-01 00:00:00', 0, 1338000, 1338000, 1338000, 1),
(975, 005434, '2020-02-01 00:00:00', 0, 50000, 50000, 50000, 1),
(976, 005435, '2020-02-01 00:00:00', 0, 0, 0, 0, 1),
(977, 005436, '2020-02-01 00:00:00', 0, 190000, 190000, 190000, 1),
(978, 005437, '2020-02-01 00:00:00', 0, 265000, 265000, 265000, 1),
(979, 005438, '2020-02-01 00:00:00', 0, 0, 0, 0, 1),
(980, 005439, '2020-02-01 00:00:00', 0, 105000, 105000, 105000, 1),
(981, 005440, '2020-02-01 00:00:00', 0, 200000, 200000, 200000, 1),
(982, 005441, '2020-02-01 00:00:00', 0, 1000000, 1000000, 1000000, 1),
(983, 005442, '2020-02-01 00:00:00', 0, 400000, 400000, 400000, 1),
(984, 005443, '2020-02-01 00:00:00', 0, 140000, 140000, 140000, 1),
(985, 005444, '2020-02-01 00:00:00', 0, 2500000, 2500000, 2500000, 1),
(986, 005445, '2020-02-01 00:00:00', 0, 2500000, 2500000, 2500000, 1),
(987, 005446, '2020-02-01 00:00:00', 0, 80000, 80000, 80000, 1),
(988, 005447, '2020-02-01 00:00:00', 0, 55000, 55000, 55000, 1),
(989, 005448, '2020-02-01 00:00:00', 0, 60000, 60000, 60000, 1),
(990, 005449, '2020-02-01 00:00:00', 0, 10000, 10000, 10000, 1),
(991, 005450, '2020-02-01 00:00:00', 0, 10000, 10000, 10000, 1);

--
-- Trigger `master_detail_rekening_simuda`
--
DELIMITER $$
CREATE TRIGGER `after_insert_detail_simuda_trigger` AFTER INSERT ON `master_detail_rekening_simuda` FOR EACH ROW INSERT INTO log_activity(id_user, datetime, keterangan) VALUES (NEW.id_user, now(), CONCAT('Menginput transaksi simuda dari no rekening', NEW.no_rekening_simuda))
$$
DELIMITER ;

-- --------------------------------------------------------

--
-- Struktur dari tabel `master_rekening_pembiayaan`
--

CREATE TABLE `master_rekening_pembiayaan` (
  `no_rekening_pembiayaan` int(11) NOT NULL,
  `no_anggota` varchar(6) NOT NULL,
  `tgl_pembayaran` date NOT NULL,
  `tipe_pembiayaan` enum('Mudharobah','Murabahah') NOT NULL,
  `jumlah_pembiayaan` float NOT NULL,
  `jangka_waktu_bulan` float NOT NULL,
  `jml_pokok_bulanan` float NOT NULL,
  `jml_bahas_bulanan` float NOT NULL,
  `tgl_lunas` date NOT NULL,
  `tgl_temp` date NOT NULL,
  `cicilan_terbayar` tinyint(2) NOT NULL
) ENGINE=InnoDB DEFAULT CHARSET=latin1;

-- --------------------------------------------------------

--
-- Struktur dari tabel `master_rekening_sijaka`
--

CREATE TABLE `master_rekening_sijaka` (
  `NRSj` smallint(6) NOT NULL,
  `no_anggota` varchar(6) NOT NULL,
  `jumlah_simpanan` float NOT NULL,
  `jangka_waktu` int(2) NOT NULL,
  `bulan_berjalan` int(2) NOT NULL,
  `progress_bahas` int(2) NOT NULL,
  `tanggal_pembayaran` date NOT NULL,
  `tanggal_akhir` date NOT NULL,
  `jumlah_bahas_bulanan` float NOT NULL,
  `pembayaran_bahas` enum('Tunai','Kredit Rek') NOT NULL,
  `rekening_simuda` int(11) DEFAULT NULL,
  `status_dana` enum('Belum Diambil','Diambil') NOT NULL DEFAULT 'Belum Diambil',
  `otomatis_perpanjang` enum('Y','N') NOT NULL
) ENGINE=InnoDB DEFAULT CHARSET=latin1;

-- --------------------------------------------------------

--
-- Struktur dari tabel `master_rekening_simuda`
--

CREATE TABLE `master_rekening_simuda` (
  `no_rekening_simuda` int(6) UNSIGNED ZEROFILL NOT NULL,
  `no_anggota` varchar(6) NOT NULL
) ENGINE=InnoDB DEFAULT CHARSET=latin1;

--
-- Dumping data untuk tabel `master_rekening_simuda`
--

INSERT INTO `master_rekening_simuda` (`no_rekening_simuda`, `no_anggota`) VALUES
(000002, '00001'),
(000009, '00002'),
(000012, '00003'),
(000020, '00004'),
(000026, '00005'),
(000027, '00006'),
(000029, '00007'),
(000033, '00008'),
(000050, '00009'),
(000052, '00010'),
(000063, '00011'),
(000078, '00012'),
(000132, '00013'),
(000164, '00014'),
(000188, '00015'),
(000239, '00016'),
(000338, '00017'),
(000342, '00018'),
(000358, '00019'),
(000360, '00020'),
(000362, '00021'),
(000371, '00022'),
(000389, '00023'),
(000411, '00024'),
(000433, '00025'),
(000437, '00026'),
(000472, '00027'),
(000490, '00028'),
(000533, '00029'),
(000642, '00030'),
(000654, '00031'),
(000704, '00032'),
(000848, '00033'),
(000905, '00034'),
(000927, '00035'),
(000937, '00036'),
(000938, '00037'),
(001021, '00038'),
(001022, '00039'),
(001084, '00040'),
(001100, '00041'),
(001104, '00042'),
(001152, '00043'),
(001233, '00044'),
(001246, '00045'),
(001248, '00046'),
(001249, '00047'),
(001256, '00048'),
(001342, '00049'),
(001346, '00050'),
(001364, '00051'),
(001372, '00052'),
(001375, '00053'),
(001389, '00054'),
(001429, '00055'),
(001578, '00056'),
(001582, '00057'),
(001593, '00058'),
(001656, '00059'),
(001712, '00060'),
(001713, '00061'),
(001724, '00062'),
(001768, '00063'),
(001797, '00064'),
(001809, '00065'),
(001812, '00066'),
(001822, '00067'),
(001850, '00068'),
(001858, '00069'),
(001861, '00070'),
(001933, '00071'),
(001939, '00072'),
(001946, '00073'),
(001948, '00074'),
(001978, '00075'),
(002026, '00076'),
(002028, '00077'),
(002043, '00078'),
(002047, '00079'),
(002113, '00080'),
(002117, '00081'),
(002124, '00082'),
(002140, '00083'),
(002146, '00084'),
(002150, '00085'),
(002176, '00086'),
(002177, '00087'),
(002183, '00088'),
(002199, '00089'),
(002201, '00090'),
(002229, '00091'),
(002230, '00092'),
(002235, '00093'),
(002259, '00094'),
(002302, '00095'),
(002303, '00096'),
(002311, '00097'),
(002322, '00098'),
(002335, '00099'),
(002386, '00100'),
(002401, '00101'),
(002425, '00102'),
(002433, '00103'),
(002440, '00104'),
(002450, '00105'),
(002497, '00106'),
(002498, '00107'),
(002559, '00108'),
(002563, '00109'),
(002575, '00110'),
(002576, '00111'),
(002587, '00112'),
(002592, '00113'),
(002627, '00114'),
(002635, '00115'),
(002646, '00116'),
(002658, '00117'),
(002700, '00118'),
(002704, '00119'),
(002724, '00120'),
(002752, '00121'),
(002779, '00122'),
(002810, '00123'),
(002827, '00124'),
(002829, '00125'),
(002832, '00126'),
(002836, '00127'),
(002875, '00128'),
(002939, '00129'),
(002973, '00130'),
(002990, '00131'),
(002991, '00132'),
(003009, '00133'),
(003010, '00134'),
(003013, '00135'),
(003027, '00136'),
(003042, '00137'),
(003086, '00138'),
(003096, '00139'),
(003098, '00140'),
(003100, '00141'),
(003102, '00142'),
(003117, '00143'),
(003118, '00144'),
(003167, '00145'),
(003178, '00146'),
(003188, '00147'),
(003202, '00148'),
(003264, '00149'),
(003265, '00150'),
(003268, '00151'),
(003311, '00152'),
(003315, '00153'),
(003330, '00154'),
(003331, '00155'),
(003333, '00156'),
(003335, '00157'),
(003344, '00158'),
(003353, '00159'),
(003377, '00160'),
(003381, '00161'),
(003395, '00162'),
(003401, '00163'),
(003402, '00164'),
(003404, '00165'),
(003407, '00166'),
(003410, '00167'),
(003417, '00168'),
(003435, '00169'),
(003443, '00170'),
(003451, '00171'),
(003454, '00172'),
(003458, '00173'),
(003459, '00174'),
(003463, '00175'),
(003469, '00176'),
(003471, '00177'),
(003493, '00178'),
(003494, '00179'),
(003511, '00180'),
(003519, '00181'),
(003530, '00182'),
(003533, '00183'),
(003548, '00184'),
(003559, '00185'),
(003561, '00186'),
(003562, '00187'),
(003565, '00188'),
(003568, '00189'),
(003606, '00190'),
(003616, '00191'),
(003629, '00192'),
(003633, '00193'),
(003640, '00194'),
(003652, '00195'),
(003653, '00196'),
(003677, '00197'),
(003693, '00198'),
(003694, '00199'),
(003701, '00200'),
(003702, '00201'),
(003705, '00202'),
(003707, '00203'),
(003711, '00204'),
(003726, '00205'),
(003736, '00206'),
(003745, '00207'),
(003756, '00208'),
(003766, '00209'),
(003768, '00210'),
(003780, '00211'),
(003781, '00212'),
(003785, '00213'),
(003786, '00214'),
(003787, '00215'),
(003793, '00216'),
(003797, '00217'),
(003798, '00218'),
(003800, '00219'),
(003806, '00220'),
(003811, '00221'),
(003824, '00222'),
(003829, '00223'),
(003840, '00224'),
(003845, '00225'),
(003846, '00226'),
(003850, '00227'),
(003852, '00228'),
(003854, '00229'),
(003857, '00230'),
(003864, '00231'),
(003866, '00232'),
(003869, '00233'),
(003872, '00234'),
(003874, '00235'),
(003878, '00236'),
(003882, '00237'),
(003884, '00238'),
(003885, '00239'),
(003887, '00240'),
(003894, '00241'),
(003897, '00242'),
(003902, '00243'),
(003906, '00244'),
(003907, '00245'),
(003909, '00246'),
(003911, '00247'),
(003915, '00248'),
(003917, '00249'),
(003921, '00250'),
(003922, '00251'),
(003927, '00252'),
(003930, '00253'),
(003931, '00254'),
(003932, '00255'),
(003936, '00256'),
(003938, '00257'),
(003939, '00258'),
(003946, '00259'),
(003951, '00260'),
(003954, '00261'),
(003955, '00262'),
(003964, '00263'),
(003967, '00264'),
(003975, '00265'),
(003988, '00266'),
(004000, '00267'),
(004004, '00268'),
(004006, '00269'),
(004012, '00270'),
(004015, '00271'),
(004030, '00272'),
(004034, '00273'),
(004036, '00274'),
(004054, '00275'),
(004055, '00276'),
(004056, '00277'),
(004057, '00278'),
(004062, '00279'),
(004064, '00280'),
(004066, '00281'),
(004090, '00282'),
(004137, '00283'),
(004156, '00284'),
(004160, '00285'),
(004161, '00286'),
(004177, '00287'),
(004178, '00288'),
(004189, '00289'),
(004192, '00290'),
(004195, '00291'),
(004196, '00292'),
(004219, '00293'),
(004221, '00294'),
(004222, '00295'),
(004227, '00296'),
(004230, '00297'),
(004231, '00298'),
(004233, '00299'),
(004234, '00300'),
(004235, '00301'),
(004236, '00302'),
(004241, '00303'),
(004246, '00304'),
(004249, '00305'),
(004255, '00306'),
(004261, '00307'),
(004262, '00308'),
(004265, '00309'),
(004275, '00310'),
(004287, '00311'),
(004288, '00312'),
(004292, '00313'),
(004295, '00314'),
(004323, '00315'),
(004329, '00316'),
(004333, '00317'),
(004337, '00318'),
(004343, '00319'),
(004354, '00320'),
(004358, '00321'),
(004361, '00322'),
(004362, '00323'),
(004363, '00324'),
(004371, '00325'),
(004374, '00326'),
(004375, '00327'),
(004376, '00328'),
(004380, '00329'),
(004381, '00330'),
(004386, '00331'),
(004388, '00332'),
(004392, '00333'),
(004404, '00334'),
(004406, '00335'),
(004431, '00336'),
(004432, '00337'),
(004433, '00338'),
(004440, '00339'),
(004441, '00340'),
(004459, '00341'),
(004462, '00342'),
(004463, '00343'),
(004464, '00344'),
(004471, '00345'),
(004484, '00346'),
(004487, '00347'),
(004489, '00348'),
(004495, '00349'),
(004497, '00350'),
(004500, '00351'),
(004505, '00352'),
(004509, '00353'),
(004510, '00354'),
(004532, '00355'),
(004540, '00356'),
(004542, '00357'),
(004546, '00358'),
(004548, '00359'),
(004550, '00360'),
(004557, '00361'),
(004560, '00362'),
(004561, '00363'),
(004562, '00364'),
(004566, '00365'),
(004568, '00366'),
(004571, '00367'),
(004573, '00368'),
(004575, '00369'),
(004577, '00370'),
(004578, '00371'),
(004581, '00372'),
(004584, '00373'),
(004587, '00374'),
(004592, '00375'),
(004593, '00376'),
(004595, '00377'),
(004596, '00378'),
(004597, '00379'),
(004601, '00380'),
(004617, '00381'),
(004623, '00382'),
(004628, '00383'),
(004629, '00384'),
(004645, '00385'),
(004646, '00386'),
(004648, '00387'),
(004653, '00388'),
(004654, '00389'),
(004656, '00390'),
(004657, '00391'),
(004680, '00392'),
(004681, '00393'),
(004686, '00394'),
(004689, '00395'),
(004696, '00396'),
(004699, '00397'),
(004701, '00398'),
(004703, '00399'),
(004713, '00400'),
(004716, '00401'),
(004718, '00402'),
(004720, '00403'),
(004722, '00404'),
(004732, '00405'),
(004735, '00406'),
(004737, '00407'),
(004741, '00408'),
(004749, '00409'),
(004756, '00410'),
(004759, '00411'),
(004760, '00412'),
(004763, '00413'),
(004769, '00414'),
(004770, '00415'),
(004775, '00416'),
(004777, '00417'),
(004778, '00418'),
(004779, '00419'),
(004780, '00420'),
(004781, '00421'),
(004782, '00422'),
(004783, '00423'),
(004784, '00424'),
(004785, '00425'),
(004786, '00426'),
(004787, '00427'),
(004788, '00428'),
(004789, '00429'),
(004791, '00430'),
(004792, '00431'),
(004793, '00432'),
(004794, '00433'),
(004795, '00434'),
(004796, '00435'),
(004798, '00436'),
(004799, '00437'),
(004800, '00438'),
(004803, '00439'),
(004804, '00440'),
(004805, '00441'),
(004806, '00442'),
(004808, '00443'),
(004811, '00444'),
(004812, '00445'),
(004813, '00446'),
(004818, '00447'),
(004820, '00448'),
(004823, '00449'),
(004824, '00450'),
(004829, '00451'),
(004830, '00452'),
(004831, '00453'),
(004832, '00454'),
(004833, '00455'),
(004834, '00456'),
(004836, '00457'),
(004837, '00458'),
(004838, '00459'),
(004839, '00460'),
(004840, '00461'),
(004843, '00462'),
(004845, '00463'),
(004846, '00464'),
(004848, '00465'),
(004850, '00466'),
(004851, '00467'),
(004852, '00468'),
(004854, '00469'),
(004855, '00470'),
(004856, '00471'),
(004858, '00472'),
(004859, '00473'),
(004860, '00474'),
(004861, '00475'),
(004862, '00476'),
(004863, '00477'),
(004864, '00478'),
(004871, '00479'),
(004872, '00480'),
(004873, '00481'),
(004876, '00482'),
(004878, '00483'),
(004879, '00484'),
(004880, '00485'),
(004882, '00486'),
(004883, '00487'),
(004887, '00488'),
(004888, '00489'),
(004889, '00490'),
(004890, '00491'),
(004891, '00492'),
(004892, '00493'),
(004893, '00494'),
(004894, '00495'),
(004895, '00496'),
(004896, '00497'),
(004897, '00498'),
(004898, '00499'),
(004902, '00500'),
(004903, '00501'),
(004904, '00502'),
(004905, '00503'),
(004906, '00504'),
(004907, '00505'),
(004916, '00506'),
(004918, '00507'),
(004919, '00508'),
(004920, '00509'),
(004921, '00510'),
(004922, '00511'),
(004923, '00512'),
(004926, '00513'),
(004927, '00514'),
(004928, '00515'),
(004929, '00516'),
(004930, '00517'),
(004931, '00518'),
(004932, '00519'),
(004935, '00520'),
(004937, '00521'),
(004938, '00522'),
(004939, '00523'),
(004941, '00524'),
(004943, '00525'),
(004944, '00526'),
(004945, '00527'),
(004946, '00528'),
(004949, '00529'),
(004951, '00530'),
(004952, '00531'),
(004954, '00532'),
(004955, '00533'),
(004956, '00534'),
(004958, '00535'),
(004959, '00536'),
(004960, '00537'),
(004961, '00538'),
(004962, '00539'),
(004963, '00540'),
(004964, '00541'),
(004965, '00542'),
(004966, '00543'),
(004967, '00544'),
(004968, '00545'),
(004969, '00546'),
(004970, '00547'),
(004971, '00548'),
(004972, '00549'),
(004973, '00550'),
(004976, '00551'),
(004980, '00552'),
(004982, '00553'),
(004983, '00554'),
(004984, '00555'),
(004985, '00556'),
(004986, '00557'),
(004987, '00558'),
(004988, '00559'),
(004989, '00560'),
(004990, '00561'),
(004991, '00562'),
(004992, '00563'),
(004993, '00564'),
(004994, '00565'),
(004996, '00566'),
(004997, '00567'),
(004998, '00568'),
(004999, '00569'),
(005000, '00570'),
(005001, '00571'),
(005002, '00572'),
(005012, '00573'),
(005013, '00574'),
(005014, '00575'),
(005015, '00576'),
(005016, '00577'),
(005017, '00578'),
(005018, '00579'),
(005019, '00580'),
(005020, '00581'),
(005021, '00582'),
(005022, '00583'),
(005023, '00584'),
(005024, '00585'),
(005025, '00586'),
(005026, '00587'),
(005027, '00588'),
(005028, '00589'),
(005030, '00590'),
(005031, '00591'),
(005032, '00592'),
(005033, '00593'),
(005034, '00594'),
(005035, '00595'),
(005036, '00596'),
(005037, '00597'),
(005038, '00598'),
(005039, '00599'),
(005040, '00600'),
(005041, '00601'),
(005042, '00602'),
(005043, '00603'),
(005044, '00604'),
(005045, '00605'),
(005046, '00606'),
(005047, '00607'),
(005048, '00608'),
(005049, '00609'),
(005050, '00610'),
(005051, '00611'),
(005052, '00612'),
(005053, '00613'),
(005054, '00614'),
(005055, '00615'),
(005056, '00616'),
(005057, '00617'),
(005058, '00618'),
(005059, '00619'),
(005060, '00620'),
(005061, '00621'),
(005062, '00622'),
(005063, '00623'),
(005064, '00624'),
(005065, '00625'),
(005066, '00626'),
(005067, '00627'),
(005068, '00628'),
(005069, '00629'),
(005070, '00630'),
(005071, '00631'),
(005073, '00632'),
(005074, '00633'),
(005075, '00634'),
(005077, '00635'),
(005078, '00636'),
(005079, '00637'),
(005080, '00638'),
(005081, '00639'),
(005082, '00640'),
(005083, '00641'),
(005085, '00642'),
(005086, '00643'),
(005087, '00644'),
(005088, '00645'),
(005089, '00646'),
(005090, '00647'),
(005091, '00648'),
(005092, '00649'),
(005093, '00650'),
(005096, '00651'),
(005099, '00652'),
(005100, '00653'),
(005101, '00654'),
(005102, '00655'),
(005103, '00656'),
(005104, '00657'),
(005105, '00658'),
(005106, '00659'),
(005107, '00660'),
(005108, '00661'),
(005109, '00662'),
(005110, '00663'),
(005111, '00664'),
(005112, '00665'),
(005113, '00666'),
(005114, '00667'),
(005115, '00668'),
(005116, '00669'),
(005117, '00670'),
(005120, '00671'),
(005121, '00672'),
(005122, '00673'),
(005123, '00674'),
(005124, '00675'),
(005126, '00676'),
(005127, '00677'),
(005128, '00678'),
(005129, '00679'),
(005131, '00680'),
(005132, '00681'),
(005133, '00682'),
(005134, '00683'),
(005135, '00684'),
(005136, '00685'),
(005137, '00686'),
(005138, '00687'),
(005139, '00688'),
(005140, '00689'),
(005141, '00690'),
(005142, '00691'),
(005143, '00692'),
(005144, '00693'),
(005145, '00694'),
(005146, '00695'),
(005147, '00696'),
(005148, '00697'),
(005149, '00698'),
(005150, '00699'),
(005151, '00700'),
(005152, '00701'),
(005153, '00702'),
(005154, '00703'),
(005155, '00704'),
(005156, '00705'),
(005157, '00706'),
(005158, '00707'),
(005159, '00708'),
(005160, '00709'),
(005161, '00710'),
(005162, '00711'),
(005163, '00712'),
(005166, '00713'),
(005167, '00714'),
(005168, '00715'),
(005169, '00716'),
(005170, '00717'),
(005171, '00718'),
(005172, '00719'),
(005173, '00720'),
(005174, '00721'),
(005175, '00722'),
(005176, '00723'),
(005177, '00724'),
(005178, '00725'),
(005179, '00726'),
(005180, '00727'),
(005181, '00728'),
(005182, '00729'),
(005183, '00730'),
(005184, '00731'),
(005185, '00732'),
(005186, '00733'),
(005187, '00734'),
(005188, '00735'),
(005189, '00736'),
(005190, '00737'),
(005191, '00738'),
(005192, '00739'),
(005193, '00740'),
(005194, '00741'),
(005195, '00742'),
(005196, '00743'),
(005197, '00744'),
(005198, '00745'),
(005199, '00746'),
(005200, '00747'),
(005201, '00748'),
(005202, '00749'),
(005203, '00750'),
(005204, '00751'),
(005205, '00752'),
(005206, '00753'),
(005207, '00754'),
(005208, '00755'),
(005209, '00756'),
(005210, '00757'),
(005211, '00758'),
(005212, '00759'),
(005213, '00760'),
(005214, '00761'),
(005215, '00762'),
(005216, '00763'),
(005217, '00764'),
(005218, '00765'),
(005220, '00766'),
(005221, '00767'),
(005222, '00768'),
(005224, '00769'),
(005226, '00770'),
(005227, '00771'),
(005228, '00772'),
(005229, '00773'),
(005230, '00774'),
(005231, '00775'),
(005232, '00776'),
(005233, '00777'),
(005235, '00778'),
(005236, '00779'),
(005237, '00780'),
(005238, '00781'),
(005239, '00782'),
(005240, '00783'),
(005242, '00784'),
(005243, '00785'),
(005244, '00786'),
(005245, '00787'),
(005246, '00788'),
(005247, '00789'),
(005248, '00790'),
(005250, '00791'),
(005251, '00792'),
(005252, '00793'),
(005253, '00794'),
(005254, '00795'),
(005255, '00796'),
(005256, '00797'),
(005257, '00798'),
(005258, '00799'),
(005259, '00800'),
(005260, '00801'),
(005261, '00802'),
(005262, '00803'),
(005263, '00804'),
(005264, '00805'),
(005265, '00806'),
(005266, '00807'),
(005267, '00808'),
(005268, '00809'),
(005269, '00810'),
(005270, '00811'),
(005271, '00812'),
(005272, '00813'),
(005273, '00814'),
(005274, '00815'),
(005275, '00816'),
(005276, '00817'),
(005277, '00818'),
(005278, '00819'),
(005279, '00820'),
(005280, '00821'),
(005281, '00822'),
(005282, '00823'),
(005283, '00824'),
(005284, '00825'),
(005285, '00826'),
(005286, '00827'),
(005287, '00828'),
(005288, '00829'),
(005289, '00830'),
(005290, '00831'),
(005291, '00832'),
(005292, '00833'),
(005293, '00834'),
(005294, '00835'),
(005295, '00836'),
(005296, '00837'),
(005297, '00838'),
(005298, '00839'),
(005299, '00840'),
(005300, '00841'),
(005301, '00842'),
(005302, '00843'),
(005303, '00844'),
(005304, '00845'),
(005305, '00846'),
(005306, '00847'),
(005307, '00848'),
(005308, '00849'),
(005309, '00850'),
(005310, '00851'),
(005311, '00852'),
(005312, '00853'),
(005313, '00854'),
(005314, '00855'),
(005315, '00856'),
(005316, '00857'),
(005317, '00858'),
(005318, '00859'),
(005319, '00860'),
(005320, '00861'),
(005321, '00862'),
(005322, '00863'),
(005323, '00864'),
(005324, '00865'),
(005325, '00866'),
(005326, '00867'),
(005327, '00868'),
(005328, '00869'),
(005329, '00870'),
(005330, '00871'),
(005331, '00872'),
(005332, '00873'),
(005333, '00874'),
(005334, '00875'),
(005335, '00876'),
(005336, '00877'),
(005337, '00878'),
(005338, '00879'),
(005339, '00880'),
(005340, '00881'),
(005341, '00882'),
(005342, '00883'),
(005343, '00884'),
(005344, '00885'),
(005345, '00886'),
(005346, '00887'),
(005347, '00888'),
(005348, '00889'),
(005349, '00890'),
(005350, '00891'),
(005351, '00892'),
(005352, '00893'),
(005353, '00894'),
(005354, '00895'),
(005355, '00896'),
(005356, '00897'),
(005357, '00898'),
(005358, '00899'),
(005359, '00900'),
(005360, '00901'),
(005361, '00902'),
(005362, '00903'),
(005363, '00904'),
(005364, '00905'),
(005365, '00906'),
(005366, '00907'),
(005367, '00908'),
(005368, '00909'),
(005369, '00910'),
(005370, '00911'),
(005371, '00912'),
(005372, '00913'),
(005373, '00914'),
(005374, '00915'),
(005375, '00916'),
(005376, '00917'),
(005377, '00918'),
(005378, '00919'),
(005379, '00920'),
(005380, '00921'),
(005381, '00922'),
(005382, '00923'),
(005383, '00924'),
(005384, '00925'),
(005385, '00926'),
(005386, '00927'),
(005387, '00928'),
(005388, '00929'),
(005389, '00930'),
(005390, '00931'),
(005391, '00932'),
(005392, '00933'),
(005393, '00934'),
(005394, '00935'),
(005395, '00936'),
(005396, '00937'),
(005397, '00938'),
(005398, '00939'),
(005399, '00940'),
(005400, '00941'),
(005401, '00942'),
(005402, '00943'),
(005403, '00944'),
(005404, '00945'),
(005405, '00946'),
(005406, '00947'),
(005407, '00948'),
(005408, '00949'),
(005409, '00950'),
(005410, '00951'),
(005411, '00952'),
(005412, '00953'),
(005413, '00954'),
(005414, '00955'),
(005415, '00956'),
(005416, '00957'),
(005417, '00958'),
(005418, '00959'),
(005419, '00960'),
(005420, '00961'),
(005421, '00962'),
(005422, '00963'),
(005423, '00964'),
(005424, '00965'),
(005425, '00966'),
(005426, '00967'),
(005427, '00968'),
(005428, '00969'),
(005429, '00970'),
(005430, '00971'),
(005431, '00972'),
(005432, '00973'),
(005433, '00974'),
(005434, '00975'),
(005435, '00976'),
(005436, '00977'),
(005437, '00978'),
(005438, '00979'),
(005439, '00980'),
(005440, '00981'),
(005441, '00982'),
(005442, '00983'),
(005443, '00984'),
(005444, '00985'),
(005445, '00986'),
(005446, '00987'),
(005447, '00988'),
(005448, '00989'),
(005449, '00990'),
(005450, '00991');

-- --------------------------------------------------------

--
-- Struktur dari tabel `master_simpanan_pokok`
--

CREATE TABLE `master_simpanan_pokok` (
  `id_simpanan_pokok` int(11) NOT NULL,
  `no_anggota` varchar(6) NOT NULL,
  `tanggal_pembayaran` date NOT NULL,
  `jumlah` int(11) NOT NULL,
  `status_dana` enum('Aktif','Diambil') NOT NULL DEFAULT 'Aktif',
  `id_user` int(11) NOT NULL
) ENGINE=InnoDB DEFAULT CHARSET=latin1;

--
-- Trigger `master_simpanan_pokok`
--
DELIMITER $$
CREATE TRIGGER `after_insert_simp_pokok_trigger` AFTER INSERT ON `master_simpanan_pokok` FOR EACH ROW INSERT INTO log_activity(id_user, datetime, keterangan) VALUES (NEW.id_user, now(), CONCAT('Menginput simpanan pokok dari no anggota ', NEW.no_anggota, ' dengan nominal ', NEW.jumlah))
$$
DELIMITER ;

-- --------------------------------------------------------

--
-- Struktur dari tabel `master_simpanan_wajib`
--

CREATE TABLE `master_simpanan_wajib` (
  `id_simpanan_wajib` int(11) NOT NULL,
  `no_anggota` varchar(6) NOT NULL,
  `tgl_temp` date NOT NULL,
  `tgl_pembayaran` datetime NOT NULL,
  `debet` float NOT NULL,
  `kredit` float NOT NULL,
  `saldo` float NOT NULL,
  `id_user` int(11) NOT NULL
) ENGINE=InnoDB DEFAULT CHARSET=latin1;

--
-- Trigger `master_simpanan_wajib`
--
DELIMITER $$
CREATE TRIGGER `after_insert_simp_wajib_trigger` AFTER INSERT ON `master_simpanan_wajib` FOR EACH ROW INSERT INTO log_activity(id_user, datetime, keterangan) VALUES (NEW.id_user, now(), CONCAT('Menginput simpanan wajib dari no anggota ', NEW.no_anggota))
$$
DELIMITER ;

-- --------------------------------------------------------

--
-- Struktur dari tabel `otorisasi`
--

CREATE TABLE `otorisasi` (
  `id_otorisasi` int(11) NOT NULL,
  `tanggal_input` datetime NOT NULL,
  `tanggal_persetujuan` datetime NOT NULL,
  `tipe` enum('Simuda','Sijaka','Kredit') NOT NULL,
  `no_rek` int(11) NOT NULL,
  `nominal_debet` float NOT NULL,
  `status` enum('Open','Accepted','Declined') NOT NULL
) ENGINE=InnoDB DEFAULT CHARSET=latin1;

-- --------------------------------------------------------

--
-- Struktur dari tabel `support_bagi_hasil_sijaka`
--

CREATE TABLE `support_bagi_hasil_sijaka` (
  `id_support_bagi_hasil` int(11) NOT NULL,
  `NRSj` smallint(6) NOT NULL,
  `tanggal_pembayaran` date NOT NULL,
  `jumlah_pembayaran` float NOT NULL
) ENGINE=InnoDB DEFAULT CHARSET=latin1;

-- --------------------------------------------------------

--
-- Struktur dari tabel `support_limit_simuda`
--

CREATE TABLE `support_limit_simuda` (
  `id_limit_simuda` tinyint(1) NOT NULL,
  `nominal` float NOT NULL
) ENGINE=InnoDB DEFAULT CHARSET=latin1;

--
-- Dumping data untuk tabel `support_limit_simuda`
--

INSERT INTO `support_limit_simuda` (`id_limit_simuda`, `nominal`) VALUES
(1, 500000);

-- --------------------------------------------------------

--
-- Struktur dari tabel `support_simuda_tutup_bulan`
--

CREATE TABLE `support_simuda_tutup_bulan` (
  `id_support_simuda_tutup_bulan` int(11) NOT NULL,
  `no_rekening_simuda` int(6) UNSIGNED ZEROFILL NOT NULL,
  `tgl_tutup_bulan` datetime NOT NULL,
  `saldo` float NOT NULL
) ENGINE=InnoDB DEFAULT CHARSET=latin1;

-- --------------------------------------------------------

--
-- Struktur dari tabel `support_temp_tgl_simpanan_wajib`
--

CREATE TABLE `support_temp_tgl_simpanan_wajib` (
  `id_temp_simpanan_wajib` int(11) NOT NULL,
  `no_anggota` varchar(6) NOT NULL,
  `tgl_temp` int(11) NOT NULL
) ENGINE=InnoDB DEFAULT CHARSET=latin1;

-- --------------------------------------------------------

--
-- Struktur dari tabel `user`
--

CREATE TABLE `user` (
  `id_user` int(2) NOT NULL,
  `nama_terang` varchar(40) NOT NULL,
  `username` varchar(30) NOT NULL,
  `password` varchar(60) NOT NULL,
  `level` enum('Manager','Dana','Pembiayaan','Teller') NOT NULL,
  `status` int(11) NOT NULL
) ENGINE=InnoDB DEFAULT CHARSET=latin1;

--
-- Dumping data untuk tabel `user`
--

INSERT INTO `user` (`id_user`, `nama_terang`, `username`, `password`, `level`, `status`) VALUES
(1, 'Hilman', 'hilman', '$2y$10$vUN0cpM38DYRV7owaLwEVu5YplgoNKRe9ENGTvxirpS.oGsCnjdO.', 'Manager', 1),
(2, 'Angga', 'angga', '$2y$10$CXgVWS9KdmXXLuhoIVNbJefXIo1zdvy6YzxnA7qgDWyf0F0bUxjPe', 'Dana', 1),
(3, 'Rofik', 'rofik', '$2y$10$VmAqTXLKftvTxHf8VQEUhONkxrwonJoqmz.LCfnGGRYmIwv6aK2g2', 'Teller', 1);

-- --------------------------------------------------------

--
-- Stand-in struktur untuk tampilan `v_simpanan_wajib`
-- (Lihat di bawah untuk tampilan aktual)
--
CREATE TABLE `v_simpanan_wajib` (
`no_anggota` varchar(6)
,`nama` varchar(30)
,`tgl_temp` date
,`saldo` double
);

-- --------------------------------------------------------

--
-- Struktur untuk view `v_simpanan_wajib`
--
DROP TABLE IF EXISTS `v_simpanan_wajib`;

CREATE ALGORITHM=UNDEFINED DEFINER=`root`@`localhost` SQL SECURITY DEFINER VIEW `v_simpanan_wajib`  AS  select distinct `a`.`no_anggota` AS `no_anggota`,`a`.`nama` AS `nama`,(select `w`.`tgl_temp` from `master_simpanan_wajib` `w` where (`w`.`no_anggota` = `m`.`no_anggota`) order by `w`.`id_simpanan_wajib` desc limit 1) AS `tgl_temp`,(select `w`.`saldo` from `master_simpanan_wajib` `w` where (`w`.`no_anggota` = `m`.`no_anggota`) order by `w`.`id_simpanan_wajib` desc limit 1) AS `saldo` from (`anggota` `a` left join `master_simpanan_wajib` `m` on((`m`.`no_anggota` = `a`.`no_anggota`))) ;

--
-- Indexes for dumped tables
--

--
-- Indeks untuk tabel `ak_detail_trx_bank`
--
ALTER TABLE `ak_detail_trx_bank`
  ADD PRIMARY KEY (`id_detail_trx_bank`),
  ADD KEY `lawan` (`lawan`);

--
-- Indeks untuk tabel `ak_detail_trx_kas`
--
ALTER TABLE `ak_detail_trx_kas`
  ADD PRIMARY KEY (`id_detail_trx_kas`),
  ADD KEY `lawan` (`lawan`);

--
-- Indeks untuk tabel `ak_detail_trx_memorial`
--
ALTER TABLE `ak_detail_trx_memorial`
  ADD PRIMARY KEY (`id_detail_trx_memorial`),
  ADD KEY `lawan` (`lawan`),
  ADD KEY `kode_perkiraan` (`kode_perkiraan`);

--
-- Indeks untuk tabel `ak_jurnal`
--
ALTER TABLE `ak_jurnal`
  ADD PRIMARY KEY (`id_jurnal`),
  ADD KEY `lawan` (`lawan`),
  ADD KEY `kode` (`kode`),
  ADD KEY `kode_transaksi` (`kode_transaksi`);

--
-- Indeks untuk tabel `ak_kode_induk`
--
ALTER TABLE `ak_kode_induk`
  ADD PRIMARY KEY (`kode_induk`);

--
-- Indeks untuk tabel `ak_rekening`
--
ALTER TABLE `ak_rekening`
  ADD PRIMARY KEY (`kode_rekening`),
  ADD KEY `kode_induk` (`kode_induk`);

--
-- Indeks untuk tabel `ak_set_rekening`
--
ALTER TABLE `ak_set_rekening`
  ADD PRIMARY KEY (`id_ak_set_rekening`);

--
-- Indeks untuk tabel `ak_trx_bank`
--
ALTER TABLE `ak_trx_bank`
  ADD PRIMARY KEY (`kode_trx_bank`),
  ADD KEY `kode_perkiraan` (`kode_perkiraan`);

--
-- Indeks untuk tabel `ak_trx_kas`
--
ALTER TABLE `ak_trx_kas`
  ADD PRIMARY KEY (`kode_trx_kas`),
  ADD KEY `kode_perkiraan` (`kode_perkiraan`);

--
-- Indeks untuk tabel `ak_trx_memorial`
--
ALTER TABLE `ak_trx_memorial`
  ADD PRIMARY KEY (`kode_trx_memorial`);

--
-- Indeks untuk tabel `anggota`
--
ALTER TABLE `anggota`
  ADD PRIMARY KEY (`no_anggota`);

--
-- Indeks untuk tabel `log_activity`
--
ALTER TABLE `log_activity`
  ADD PRIMARY KEY (`id_log_activity`);

--
-- Indeks untuk tabel `master_detail_rekening_pembiayaan`
--
ALTER TABLE `master_detail_rekening_pembiayaan`
  ADD PRIMARY KEY (`id_detail_rekening_pembiayaan`),
  ADD KEY `no_rekening_pembiayaan` (`no_rekening_pembiayaan`,`id_user`),
  ADD KEY `id_user` (`id_user`);

--
-- Indeks untuk tabel `master_detail_rekening_sijaka`
--
ALTER TABLE `master_detail_rekening_sijaka`
  ADD PRIMARY KEY (`id_detail_sijaka`),
  ADD KEY `NRSj` (`NRSj`);

--
-- Indeks untuk tabel `master_detail_rekening_simuda`
--
ALTER TABLE `master_detail_rekening_simuda`
  ADD PRIMARY KEY (`id_detail_rekening_simuda`),
  ADD KEY `id_user` (`id_user`),
  ADD KEY `no_rekening_simuda` (`no_rekening_simuda`);

--
-- Indeks untuk tabel `master_rekening_pembiayaan`
--
ALTER TABLE `master_rekening_pembiayaan`
  ADD PRIMARY KEY (`no_rekening_pembiayaan`),
  ADD KEY `no_anggota` (`no_anggota`);

--
-- Indeks untuk tabel `master_rekening_sijaka`
--
ALTER TABLE `master_rekening_sijaka`
  ADD PRIMARY KEY (`NRSj`),
  ADD KEY `no_anggota` (`no_anggota`),
  ADD KEY `rekening_simuda` (`rekening_simuda`);

--
-- Indeks untuk tabel `master_rekening_simuda`
--
ALTER TABLE `master_rekening_simuda`
  ADD PRIMARY KEY (`no_rekening_simuda`),
  ADD KEY `no_anggota` (`no_anggota`);

--
-- Indeks untuk tabel `master_simpanan_pokok`
--
ALTER TABLE `master_simpanan_pokok`
  ADD PRIMARY KEY (`id_simpanan_pokok`),
  ADD KEY `no_anggota` (`no_anggota`),
  ADD KEY `id_user` (`id_user`);

--
-- Indeks untuk tabel `master_simpanan_wajib`
--
ALTER TABLE `master_simpanan_wajib`
  ADD PRIMARY KEY (`id_simpanan_wajib`),
  ADD KEY `no_anggota` (`no_anggota`),
  ADD KEY `id_user` (`id_user`);

--
-- Indeks untuk tabel `otorisasi`
--
ALTER TABLE `otorisasi`
  ADD PRIMARY KEY (`id_otorisasi`),
  ADD KEY `no_rek` (`no_rek`);

--
-- Indeks untuk tabel `support_bagi_hasil_sijaka`
--
ALTER TABLE `support_bagi_hasil_sijaka`
  ADD PRIMARY KEY (`id_support_bagi_hasil`),
  ADD KEY `NRSj` (`NRSj`);

--
-- Indeks untuk tabel `support_limit_simuda`
--
ALTER TABLE `support_limit_simuda`
  ADD PRIMARY KEY (`id_limit_simuda`);

--
-- Indeks untuk tabel `support_simuda_tutup_bulan`
--
ALTER TABLE `support_simuda_tutup_bulan`
  ADD PRIMARY KEY (`id_support_simuda_tutup_bulan`),
  ADD KEY `no_rekening_simuda` (`no_rekening_simuda`);

--
-- Indeks untuk tabel `support_temp_tgl_simpanan_wajib`
--
ALTER TABLE `support_temp_tgl_simpanan_wajib`
  ADD PRIMARY KEY (`id_temp_simpanan_wajib`),
  ADD KEY `no_anggota` (`no_anggota`);

--
-- Indeks untuk tabel `user`
--
ALTER TABLE `user`
  ADD PRIMARY KEY (`id_user`);

--
-- AUTO_INCREMENT untuk tabel yang dibuang
--

--
-- AUTO_INCREMENT untuk tabel `ak_detail_trx_bank`
--
ALTER TABLE `ak_detail_trx_bank`
  MODIFY `id_detail_trx_bank` int(11) NOT NULL AUTO_INCREMENT;

--
-- AUTO_INCREMENT untuk tabel `ak_detail_trx_kas`
--
ALTER TABLE `ak_detail_trx_kas`
  MODIFY `id_detail_trx_kas` int(11) NOT NULL AUTO_INCREMENT;

--
-- AUTO_INCREMENT untuk tabel `ak_detail_trx_memorial`
--
ALTER TABLE `ak_detail_trx_memorial`
  MODIFY `id_detail_trx_memorial` int(11) NOT NULL AUTO_INCREMENT;

--
-- AUTO_INCREMENT untuk tabel `ak_jurnal`
--
ALTER TABLE `ak_jurnal`
  MODIFY `id_jurnal` int(11) NOT NULL AUTO_INCREMENT;

--
-- AUTO_INCREMENT untuk tabel `ak_set_rekening`
--
ALTER TABLE `ak_set_rekening`
  MODIFY `id_ak_set_rekening` int(11) NOT NULL AUTO_INCREMENT;

--
-- AUTO_INCREMENT untuk tabel `log_activity`
--
ALTER TABLE `log_activity`
  MODIFY `id_log_activity` int(11) NOT NULL AUTO_INCREMENT, AUTO_INCREMENT=992;

--
-- AUTO_INCREMENT untuk tabel `master_detail_rekening_pembiayaan`
--
ALTER TABLE `master_detail_rekening_pembiayaan`
  MODIFY `id_detail_rekening_pembiayaan` int(11) NOT NULL AUTO_INCREMENT;

--
-- AUTO_INCREMENT untuk tabel `master_detail_rekening_sijaka`
--
ALTER TABLE `master_detail_rekening_sijaka`
  MODIFY `id_detail_sijaka` int(11) NOT NULL AUTO_INCREMENT;

--
-- AUTO_INCREMENT untuk tabel `master_detail_rekening_simuda`
--
ALTER TABLE `master_detail_rekening_simuda`
  MODIFY `id_detail_rekening_simuda` int(11) NOT NULL AUTO_INCREMENT, AUTO_INCREMENT=992;

--
-- AUTO_INCREMENT untuk tabel `master_simpanan_pokok`
--
ALTER TABLE `master_simpanan_pokok`
  MODIFY `id_simpanan_pokok` int(11) NOT NULL AUTO_INCREMENT;

--
-- AUTO_INCREMENT untuk tabel `master_simpanan_wajib`
--
ALTER TABLE `master_simpanan_wajib`
  MODIFY `id_simpanan_wajib` int(11) NOT NULL AUTO_INCREMENT;

--
-- AUTO_INCREMENT untuk tabel `otorisasi`
--
ALTER TABLE `otorisasi`
  MODIFY `id_otorisasi` int(11) NOT NULL AUTO_INCREMENT;

--
-- AUTO_INCREMENT untuk tabel `support_bagi_hasil_sijaka`
--
ALTER TABLE `support_bagi_hasil_sijaka`
  MODIFY `id_support_bagi_hasil` int(11) NOT NULL AUTO_INCREMENT;

--
-- AUTO_INCREMENT untuk tabel `support_limit_simuda`
--
ALTER TABLE `support_limit_simuda`
  MODIFY `id_limit_simuda` tinyint(1) NOT NULL AUTO_INCREMENT, AUTO_INCREMENT=2;

--
-- AUTO_INCREMENT untuk tabel `support_simuda_tutup_bulan`
--
ALTER TABLE `support_simuda_tutup_bulan`
  MODIFY `id_support_simuda_tutup_bulan` int(11) NOT NULL AUTO_INCREMENT;

--
-- AUTO_INCREMENT untuk tabel `support_temp_tgl_simpanan_wajib`
--
ALTER TABLE `support_temp_tgl_simpanan_wajib`
  MODIFY `id_temp_simpanan_wajib` int(11) NOT NULL AUTO_INCREMENT;

--
-- AUTO_INCREMENT untuk tabel `user`
--
ALTER TABLE `user`
  MODIFY `id_user` int(2) NOT NULL AUTO_INCREMENT, AUTO_INCREMENT=4;

--
-- Ketidakleluasaan untuk tabel pelimpahan (Dumped Tables)
--

--
-- Ketidakleluasaan untuk tabel `master_detail_rekening_pembiayaan`
--
ALTER TABLE `master_detail_rekening_pembiayaan`
  ADD CONSTRAINT `master_detail_rekening_pembiayaan_ibfk_1` FOREIGN KEY (`no_rekening_pembiayaan`) REFERENCES `master_rekening_pembiayaan` (`no_rekening_pembiayaan`),
  ADD CONSTRAINT `master_detail_rekening_pembiayaan_ibfk_2` FOREIGN KEY (`id_user`) REFERENCES `user` (`id_user`);

--
-- Ketidakleluasaan untuk tabel `master_detail_rekening_sijaka`
--
ALTER TABLE `master_detail_rekening_sijaka`
  ADD CONSTRAINT `master_detail_rekening_sijaka_ibfk_1` FOREIGN KEY (`NRSj`) REFERENCES `master_rekening_sijaka` (`NRSj`) ON UPDATE CASCADE;

--
-- Ketidakleluasaan untuk tabel `master_detail_rekening_simuda`
--
ALTER TABLE `master_detail_rekening_simuda`
  ADD CONSTRAINT `master_detail_rekening_simuda_ibfk_2` FOREIGN KEY (`id_user`) REFERENCES `user` (`id_user`),
  ADD CONSTRAINT `master_detail_rekening_simuda_ibfk_3` FOREIGN KEY (`no_rekening_simuda`) REFERENCES `master_rekening_simuda` (`no_rekening_simuda`);

--
-- Ketidakleluasaan untuk tabel `master_rekening_pembiayaan`
--
ALTER TABLE `master_rekening_pembiayaan`
  ADD CONSTRAINT `master_rekening_pembiayaan_ibfk_1` FOREIGN KEY (`no_anggota`) REFERENCES `anggota` (`no_anggota`);

--
-- Ketidakleluasaan untuk tabel `master_rekening_sijaka`
--
ALTER TABLE `master_rekening_sijaka`
  ADD CONSTRAINT `master_rekening_sijaka_ibfk_1` FOREIGN KEY (`no_anggota`) REFERENCES `anggota` (`no_anggota`);

--
-- Ketidakleluasaan untuk tabel `master_rekening_simuda`
--
ALTER TABLE `master_rekening_simuda`
  ADD CONSTRAINT `master_rekening_simuda_ibfk_1` FOREIGN KEY (`no_anggota`) REFERENCES `anggota` (`no_anggota`);

--
-- Ketidakleluasaan untuk tabel `master_simpanan_pokok`
--
ALTER TABLE `master_simpanan_pokok`
  ADD CONSTRAINT `master_simpanan_pokok_ibfk_2` FOREIGN KEY (`id_user`) REFERENCES `user` (`id_user`),
  ADD CONSTRAINT `master_simpanan_pokok_ibfk_3` FOREIGN KEY (`no_anggota`) REFERENCES `anggota` (`no_anggota`);

--
-- Ketidakleluasaan untuk tabel `master_simpanan_wajib`
--
ALTER TABLE `master_simpanan_wajib`
  ADD CONSTRAINT `master_simpanan_wajib_ibfk_1` FOREIGN KEY (`no_anggota`) REFERENCES `anggota` (`no_anggota`);

--
-- Ketidakleluasaan untuk tabel `support_temp_tgl_simpanan_wajib`
--
ALTER TABLE `support_temp_tgl_simpanan_wajib`
  ADD CONSTRAINT `support_temp_tgl_simpanan_wajib_ibfk_1` FOREIGN KEY (`no_anggota`) REFERENCES `anggota` (`no_anggota`);
COMMIT;

/*!40101 SET CHARACTER_SET_CLIENT=@OLD_CHARACTER_SET_CLIENT */;
/*!40101 SET CHARACTER_SET_RESULTS=@OLD_CHARACTER_SET_RESULTS */;
/*!40101 SET COLLATION_CONNECTION=@OLD_COLLATION_CONNECTION */;
